hitRate,misses,falseAlarmRate,reactionTime,mood,dembo,anxiety,label
68.72700594236812,14.260714596148743,58.559515344912406,639.1280147280738,1.624074561769746,32.47956162689621,1.5227525095137953,2
93.30880728874675,9.016725176148132,56.645806223683635,263.3799212922716,4.879639408647977,86.59541126403374,2.9110519961044856,1
59.09124836035503,2.7510676478015075,24.339379436763018,591.0916805609546,2.727780074568463,43.298331215843355,6.506676052501415,1
56.97469303260209,4.3821697280282725,29.308947463495336,546.4454897410733,4.140703845572054,35.97390257266878,5.628109945722504,1
79.62072844310212,0.6967561907999659,48.603588152115066,360.8406803967395,1.260206371941118,95.91084298026666,9.690688297671034,2
90.41986740582306,4.56920653760056,7.81376912051071,694.751467232902,2.760609974958405,29.763058787582306,5.456592191001432,1
51.71942605576092,13.639806031181731,20.702398528001353,680.6394848300883,2.246844304357644,61.605441694224865,5.920392514089517,2
59.24272277627635,14.543769416468379,62.010625868889164,860.674312016723,4.579309401710596,67.83199830488681,9.296868115208051,2
54.424625102595975,2.939742936287178,3.6181831128430453,461.4647149961218,2.554709158757928,41.70792254191167,8.458637582367365,1
67.83766633467947,4.214017645310712,43.41568665265988,341.6007462335957,4.208787923016159,25.964051494381664,9.881982429404655,2
88.61223846483287,2.9807352230125863,0.44176936988819193,780.0499284956422,3.8274293753904685,78.32057344327899,7.941433120173512,1
53.70223258670452,5.376985928164089,9.269524762010377,811.0172268191358,3.4931925073102317,46.471841988211935,1.5720251525742128,1
65.54911608578311,4.877749830401205,58.36849426704512,664.4123563808885,4.548850970305306,57.777194012955945,2.0763482134447155,1
85.66223936114974,11.411775729253462,44.9021758055597,751.1286669704646,2.975182385457563,61.818626350559526,4.847869165226946,1
51.27095633720476,1.6183714048995668,2.51433485493874,663.6667673214572,2.2574239243053067,60.685655293176225,9.168098265334837,2
62.464611457443745,6.155743845534446,60.444091083443894,398.7188075695546,1.307919639315172,43.180116233101444,2.4509915852860398,2
96.48488261712865,12.121805693466253,50.67230052083388,816.4493836220165,4.214688307596457,34.925604710882865,9.0330309864098,2
76.96711209578254,12.111602327460938,71.68730399387945,456.7022587317115,1.440207698110707,38.234813003355335,4.843970097636307,2
90.90073829612466,12.910958748845152,0.5561704424952563,581.9857466754177,2.669644012595116,37.76862483765842,2.0787883060031453,1
66.8807585701814,14.143645558687787,25.85623456166042,587.213904133188,3.8120758355807114,49.09036819034352,9.746038744488645,2
98.12236474710556,3.7767344373804623,39.77988047139084,445.5709013809003,2.1393619775098704,22.950955788362624,6.486079005819072,1
75.13395116144308,0.7721812687498403,22.291717138928917,840.3728258783249,1.9582475626678897,31.591589767297847,5.405074842498067,1
99.28252270553003,3.630829072672506,53.77084379247029,745.0527499636664,1.9505501759695987,78.25730788894876,4.3100481944732785,1
81.61529152967897,9.50294566141342,42.86197472598068,308.6883505353654,4.341209982356952,45.66240519773886,2.678666593598688,1
52.0387570777382,8.863394147823627,54.2051489473826,260.7820888031065,3.048372233197124,38.11966201583503,6.806555113685048,2
58.718321450249576,10.364066071536989,30.938827704042993,858.8744926788775,1.550083776583973,47.285308084020684,2.021261691165302,2
96.23468091392814,13.160090300714716,20.63533021721245,678.9896299222164,4.268888800804863,64.416064927957,5.766855205204059,1
62.092614545022585,1.396541517088488,71.77726063626613,835.2717371561648,3.5324058290930718,47.122383283896056,4.142886171513948,2
86.29778394351197,13.456653899288657,70.96691394120938,756.9191048074556,3.568126584617151,26.731197199603905,2.454658426851524,2
94.92770942635397,9.09643589489385,0.7357641293303718,315.95650286292084,3.6540070764322232,20.404926707697495,2.4472724627574878,1
77.4366894683293,10.378427965390399,52.156900760208046,395.7750511493639,3.8487168853901434,38.97992699974401,3.9285972834334095,1
87.32457025590121,9.74449348570822,67.93787283953424,677.4483799952231,3.2732344133418865,27.493981426247398,4.309442227534902,2
63.26011838408627,3.659844650686254,77.84084438019565,505.5135210333942,4.568186220708453,70.49109007978103,8.153301731874835,1
75.1318546552596,8.653558269395386,39.401415505509114,376.9079420687289,3.8898084610460213,42.46178899526846,1.2188436978830846,1
82.27361479535838,2.6566601911057344,75.23668674823314,870.0535750516818,4.659457560881794,49.61269602043555,1.1391095487598069,1
96.41592812938626,6.422762224759715,77.33238552349357,876.3529851080143,4.41203782186944,43.55591136556686,4.465879557417328,1
92.55683357584284,4.753830077344165,13.559419734887399,611.9208205979276,4.744619096643124,75.68238373399784,6.1305505308042845,0
54.85882468853843,9.225108400487546,79.20430800834106,341.0546099037406,3.073318609454947,90.18984575423643,7.66691755978784,2
84.8507870497634,10.53726125980664,28.759292097580413,440.83469877192067,4.2374446219140545,84.80907157433447,8.803650867220934,1
95.66202762782356,7.670135982914067,40.12130357497597,768.8918663284038,3.5998557231110606,76.15735018061628,8.16213402492491,1
94.50026709087831,5.069927352773037,30.04663621119552,311.08826089656486,3.313120563984696,22.875381903739367,5.190382163192141,0
77.13223173537884,4.298118781924266,47.26666084552086,269.8251624603821,1.1493927549968577,85.80804485277267,4.241715772701366,1
56.35302563259424,7.833648900822066,61.59948424788887,390.28366787294806,3.491561903276001,26.82779719950144,1.4651354905174694,1
76.5677315784074,8.109526824151597,50.99439211985653,721.95936691973,4.903408317850138,61.30402786409562,3.9066082564712135,1
89.75930973843518,4.062483768931113,35.11771365645089,300.99664787247286,1.10140297366183,97.01187317423401,8.523821084609853,1
84.7987103046849,6.134294166214048,13.863545605667662,351.68407773620595,2.0009715926583813,63.938133176489636,7.431363304300561,1
83.00986883588656,4.199008454189142,76.38922245305552,729.6329958522495,3.2174162100456027,68.93765969874818,4.776400561850109,1
62.386549475057876,5.339590179768924,60.62768883714953,259.35576760934134,1.464290562027665,23.68021136174022,1.3665592208707311,2
92.77302920055035,10.554867890700356,37.93390632698602,313.592204423151,2.9664635004673294,57.87774166244525,2.5588168291901368,0
71.69258246189865,5.977571015960602,49.26800784417732,662.8108730639685,1.181216039088178,49.9690091701177,6.632739241428127,2
75.15681292900439,12.847347617824834,52.6954905295156,355.9073776029293,1.2822749896017194,71.39354225650524,1.2386017948745964,1
79.28877906367316,14.103453621374364,46.03793423007032,502.31045203423923,3.5731528737694127,56.660231239321334,5.910551103843415,1
97.07324043882626,5.791539567011614,76.89524510591313,838.4779172714415,1.7831645391571858,25.548904070013236,1.9070020123968399,2
50.91109128257749,1.4166444113389258,54.64054187330855,296.27262149914884,2.275902521175045,87.59002487755636,1.209447421622433,1
90.72342412944678,4.227821621600999,9.4531862097325,702.879157486698,3.515771387119536,90.19776108216423,7.615639394234972,1
90.17404651924244,4.2305185885695975,14.195163502377826,737.8995885665579,4.2273389570690565,99.24041136005387,4.713559092202838,0
68.60090428963916,11.646194411129953,27.264283220241428,854.9922616423171,4.433651007372047,54.319522190001464,7.757839610123476,2
87.72714370423412,1.5468580325389891,72.20423253436533,578.4140420911071,4.305829864430967,45.603968082448944,9.059709056465804,2
69.46008393670816,0.1625647722044754,72.4305581135411,309.3363399109868,2.2772545503616595,96.0049573640644,9.555464322438006,2
78.67189440616431,9.47755818254699,35.87564175826558,440.58700160374195,2.314658181479664,73.80147648616307,7.77137076493912,1
89.57895218629243,11.844272141918308,7.296488243895229,571.3731980566779,1.2302350400665771,63.96231058589884,4.973774512360393,1
94.38520913791498,5.26372518828118,9.365361314208469,342.9445933343433,4.046042526869889,69.45744506530089,1.9101040851051123,0
54.20534030574987,10.5145369718868,5.821040509135482,784.2090385387315,3.824968908625985,26.50790245135198,1.7635394267667273,2
99.33197892505876,5.6140619363418045,29.65137176535127,778.3197187173766,4.788994309535434,98.88008510582966,7.780403667330475,1
68.81297927654579,1.2525107504800315,62.17175327419494,612.9627623282734,2.696888036987905,92.50835080757888,2.000777340755362,1
74.63125521454296,0.17030467151128603,37.4928513595301,286.5971291931943,1.4752716650722877,29.40209974216839,6.842892719044572,1
87.30224396327117,8.750531476457395,76.97380387796335,493.66587669040763,2.142848345127443,89.48793025515683,3.0123625466750736,1
98.16112697203056,0.18231712034724512,77.59030613661112,278.05394276787445,4.564572454792284,62.21608872690399,9.936683165073703,2
53.68982823676994,8.307814266019811,77.54420284952792,590.0135987105967,3.51759455254105,75.65989511876937,5.090869582909959,1
81.37790400420317,8.764714678846504,72.09264083927911,279.5401472219476,2.1238527583689213,96.0329187261247,9.012374055018247,2
72.78283763928565,9.301988967023052,22.190494638490613,372.2787538204449,2.8547936197599286,48.268178242084225,6.252905006657849,1
53.88673184824924,14.615922114992497,78.89685955836823,703.8051141128344,3.1443854653764816,44.76220930290622,8.324155177362538,2
84.23655862769397,2.4392540901733692,72.8741747595074,784.6492079000599,4.799199653167696,78.0575606710688,6.520736763422109,1
70.91215181453094,13.990927250310198,69.28511116003267,279.39213556902314,1.105467897989008,50.117069350243966,8.294979977036496,2
99.36380646574722,2.2562533665529227,47.53045722817081,497.579056810164,4.879657591258413,87.36951385085669,8.54495834240024,1
73.43465798974852,6.222292535064978,21.8725657544565,286.64407282310265,4.458889505020213,85.03208073040621,9.997459059575176,1
99.83184185369527,8.331475584039412,61.51899321444084,864.0977244235783,4.398589562709645,39.78784813945581,5.054897217790842,2
56.45797075757475,14.310765408880835,48.493970756070404,398.61782357725076,3.686802737623427,69.45025923663167,4.223464462295564,1
55.67787960998145,10.073597933891994,41.62461607230347,752.0069546281655,3.0806540044479735,88.1745200254832,5.9671615489703695,2
78.04689857676931,13.149804039875175,32.27862929699177,337.1098984929165,1.115130705253356,80.41098045388952,6.582785962181182,1
85.20398840496118,3.194462422633661,10.909718046941581,259.45403268412326,2.402350235226388,67.19341494837064,4.530196405897591,0
71.87374610118646,13.562380417406226,27.86043736186403,584.093167953877,4.134612050964572,51.72342258570161,6.598780302050861,0
93.11818543733726,14.242809354864631,11.765878474323035,852.2819563549714,2.9684651723181528,40.659551063916666,5.132221806144352,1
99.00162876427385,7.389271409893044,26.300128823000655,661.7105553058718,1.9605824751127723,26.06906624869311,2.159917497195843,1
56.40229194788862,2.278540402684415,11.10617381195281,666.5685841220895,1.7275203375965793,47.65338266590906,9.071095689154106,2
73.69808201314362,10.013366077815407,13.785589696130387,374.98786222563604,1.1634744650659155,33.514805045773166,3.5073130512876274,1
58.85052421383734,1.3305380063558343,9.650869688048065,549.5061992212718,1.82533487362317,49.14158888384604,5.530755437693712,1
84.51974143146826,0.589682097616484,63.95283191272341,658.13525316909,1.3270361277954876,89.88628992854218,9.287851604786319,2
53.05389799274319,4.153164722208055,64.4961023834449,736.3687987493779,1.7380840774255093,36.747945866936824,4.334248925122438,2
74.22614925955106,9.27382157295444,29.51309116558179,550.6475654865461,3.989883752535026,22.934656231247832,3.2719324990961867,1
85.66747929422762,13.42810256530799,40.93419536925329,595.8737654224551,1.4286880453591042,55.79298934587637,5.793555398095209,1
62.12352518173648,4.0386484642407146,30.182733048369812,263.0462785555221,2.288316662332713,36.91584055972357,3.9474761696012317,1
55.98810659096256,13.357909211098423,47.48739628432389,691.4165074439182,4.156684954429354,59.87537591432458,1.7822825927868133,2
76.85532709092739,8.802616770313186,59.6351579347464,530.5787050492916,1.510321211182255,42.702072463897956,4.267740667587716,2
82.29586206658007,8.561674570033679,28.4877380718277,891.2349117154369,3.4230992774275486,38.97814333887956,1.9160422535836337,1
57.642956959216605,3.689365925767622,12.854509860764454,371.26856563334877,2.1403806747753884,33.86988762358038,9.070888821637826,2
54.01168728308211,7.86767084355382,32.83174615917292,888.5461009905941,1.4481556086722094,51.82844792365933,9.72523389947832,2
93.27535629469901,12.256081064239199,20.632226163595185,361.0769318035428,3.674572879697724,94.35007913020686,6.010866037125368,0
78.580634473495,4.199686404904263,61.55943465535495,371.5784365623902,2.2947169456169747,54.034915089313344,5.568493408160095,1
62.12048662075401,1.722552371088053,48.849603395330604,437.60985960616625,3.324952885690449,32.34901722193619,5.330260916693358,1
76.62947162757929,0.7773530523364036,26.92834225551365,337.36954001033325,1.253499881891071,99.19681859119562,3.9011846047725065,0
90.49372229273175,3.8196098214564578,54.52021777791434,744.1481089282963,3.382554962431377,57.72609508401267,4.706568227325417,1
67.44341332714977,13.942937163717387,66.44955262301833,877.2674919332331,1.497188893942179,78.46939801629154,9.44506411138934,2
59.061653308283006,0.9974440105016624,59.289651943204724,623.4075235669427,4.367315107033088,31.18179013010316,8.15740580673901,2
60.08136600238723,2.4548391429855676,13.141263834479435,779.4735681503984,3.6607888827848005,61.845233981529546,4.229474357111522,1
93.86002704065541,5.886676611339531,65.32795515772617,535.437690570642,2.5077777176996303,57.01438285356851,3.7124008674772786,0
87.38046900881255,7.540805851387187,18.577015611745384,834.7234726284695,2.5355648854928456,63.48422888911909,9.158248998680923,2
81.21189979569961,1.753470610625461,75.18656988907802,658.0102344964216,2.3396224586283445,31.141765813070982,8.146226703432664,2
81.00363779642568,8.001916379644824,71.51140664407662,762.588187295945,1.6066995189310047,44.93776542364386,3.236402258330192,2
87.19731462863385,0.5029865210366907,45.59117478970532,745.5981457314488,4.507062547046997,47.366539897272595,8.391315742048116,2
55.53158684776036,12.696784376017773,10.199092986558593,508.2367388642387,4.1891814631182145,31.993394187901902,3.0632625570937733,1
86.1126284196533,10.800548048191116,51.29181063082378,701.066488903615,3.1708977733903847,40.14392471255622,4.111263941535275,2
59.079885840071285,13.626758420004425,46.671343581289634,510.55342089636594,2.8480232145765307,95.78266716894522,2.380162628044722,1
79.31149160083986,7.58833018326699,48.91633883477183,261.7716194835463,4.488495635776606,94.56946259868899,6.086198652302881,0
84.8325411938446,13.837490717659435,56.57909074507189,349.15037789426987,3.3051534406672527,68.53720371062848,4.817176041721474,1
86.82221178123615,14.015505221535223,74.04548103254211,543.0455914126859,1.452952183363021,98.78729591698676,8.550082778013408,2
56.233134060163344,13.812628239260585,69.59170896497027,587.2447371319469,3.365101742979717,51.920216309610424,1.492854749398282,1
66.75986208229504,12.042801728970172,0.3705618403682287,466.77446159924375,2.5926747743637732,62.99164823503383,9.278700547714845,2
67.31729971829806,5.204298028443415,59.00009984877987,543.9416615783746,1.8984192917599279,56.195161290615474,2.2677131834181985,1
58.819349325311165,7.475516591092196,33.514035960363834,844.649835694265,2.4495755964665324,66.44706802224349,6.690378591275773,1
50.654722829416684,9.953060580250659,14.242877349580114,874.6957063551458,1.5946509110124518,53.1699298981619,1.7681470127077947,2
99.84371259229736,7.5329251549686385,47.630801385603505,293.5997103024779,3.999841881596711,36.792447447646865,9.082488604966423,2
60.25698202410036,2.8603158099549986,2.9239734278475904,556.8435143214995,3.2593645330504657,25.25669115426819,7.9797485502550956,1
72.66444173740138,7.8658540399137005,35.26101975505825,510.4959895689619,3.2385613252328715,32.419219674457,2.63735317445744,0
93.08928105067587,14.19173193200449,29.864745302380236,425.9840375433099,3.575998172956063,52.698733687847714,1.2284772009431038,0
57.80762986830952,10.739583432710964,52.71391535281211,267.6123951272643,1.8878886477317978,38.48598372704571,7.047034692388555,2
50.98552688771821,1.5616287297686076,63.99328682985515,366.05403033531684,3.610984431407499,39.05462248373812,1.8949725348341064,1
62.1586095499727,10.834003977834888,68.45571744850287,789.6429119685446,2.5887341184738193,73.44681092565169,2.844858658742389,2
64.65738651305067,13.445037277816796,1.0401538808588828,305.58054505540423,1.8315450205841093,22.122576309905575,2.632918915808176,2
79.15207804848461,6.321368258887469,71.41373688615799,781.3383151299865,2.367269406791504,40.7538746745034,4.417231673505402,2
79.51474712574039,4.020954612343144,49.93191262793072,516.1175739243063,3.208188723407921,54.890122330825335,3.650191835877259,0
97.42266534810784,11.454086912396413,11.209054061316204,814.5041843336434,2.9497247929980546,91.56417815152732,8.198697303525837,1
71.26067522346167,0.337039624801761,21.494188750795686,602.0622395295635,3.533912879304589,40.631014834656185,2.254204666655417,0
91.74651183996495,14.766032710553281,42.055214584214866,361.5915358013973,2.089229306077476,21.471254123797337,9.228689259044492,2
55.88755414450706,8.647747132713803,21.92441765497648,610.2157016352658,3.605681553407457,86.37934429657614,2.8577914458454288,1
50.549791432924025,2.053284451032109,72.0014913478484,818.0285504156349,3.389652408681233,68.04134883469227,6.9853300709163,1
58.76856393117248,13.716179188874397,33.50164199136585,499.0400433621734,3.07567082113135,23.757277342004404,2.4965503188047147,1
86.90168082131852,1.241980018876897,48.252168757311054,409.4769212928586,2.557182456167906,43.09549894165599,4.201054448184542,1
85.95229525921228,4.456825734347626,45.312371223751775,559.4327614294148,3.6546846614505926,94.94637914598064,7.593148874892252,1
60.74701892953784,0.4677470259192701,20.98112354398601,636.8006549551656,1.2057032539370014,59.70929977609891,6.371585640252003,1
66.71219454084805,11.56368305618733,8.527860250701744,298.8395581282757,3.9127550248144134,59.63930529649588,7.195621567849624,1
71.74136693018731,3.696030498586602,65.52818541393597,769.6203213298365,3.778785883417707,41.771610978397014,6.312076001821784,1
68.04869484700134,1.3737310998995123,73.38508603697943,338.9321100973249,4.80094941528321,55.68046183663646,2.666196359547577,1
77.0950473689179,13.094187538146125,58.577990912764896,774.2647461099423,3.6351334668428694,75.3821251614282,8.642760864087872,2
62.483400442959294,7.341374454647108,17.696755345568178,891.9842051978205,4.776237358746453,23.154144909480472,7.350176552641196,2
96.26241587078329,2.708630176910003,45.435618444210355,845.0673934322272,1.1357839143431954,75.7936213797472,3.676141066352957,1
96.21980976882652,14.565873677480516,75.54131912907471,558.2392408273515,4.448170603957253,87.56395188280563,3.871904259189301,1
91.44577370753387,0.5551145207323893,47.70159027856424,399.505744237007,1.4822675431091152,26.156256130336732,7.266598982903258,2
66.9937481884033,10.871501572931422,5.22850726391539,454.9387195898967,3.157965169501349,83.25785318711709,3.8687725263886295,1
81.29456882185045,13.289666223542808,49.26905505458436,401.42365858986193,1.097603126226152,89.60790991207439,1.1914246976534844,1
93.73508363420997,7.93405701040818,75.1254158810317,769.2091032528825,4.99173644213335,48.05694523613681,7.904694600380142,2
70.0965456804621,7.198134304558633,50.20043705746961,817.8901242211202,4.93633387679718,81.46187310916146,4.759901039506004,1
71.06785011385351,11.063734523833372,19.102171661464187,321.8081735354065,2.418488630563106,42.97911933232654,3.6667730841039106,1
61.680387552495496,0.6313978445454282,1.4299147786731048,892.0195533284206,2.7110925349434494,50.74613177277453,7.116825544237629,1
60.912694393253204,14.24941775925338,62.907601153244165,308.1171515029687,2.6703231031397134,90.32946460497317,9.502588200622693,2
73.37007556249348,9.201170838160616,13.362715687366018,894.2596069890348,1.9266868055337736,95.41854193081005,6.846819840931316,1
80.38683974394296,7.6903276652476285,18.453584937420693,364.74322080358036,1.8819448362807014,34.91506097154036,8.01626026210078,1
67.5062629583365,0.8676401484509455,77.52821041126491,824.4608252262267,4.711009132780852,99.59262581171483,2.5650572429753855,1
69.81210094513294,11.37357713556137,55.681649444303375,350.0323391209058,4.2633324999624715,37.95524574693285,3.0143585334036076,2
76.84872114467068,8.894099022625547,46.40689662702489,309.46644430854064,4.5098434505215215,41.24800340709648,2.1656342915452376,1
94.43740399344887,14.3347724734463,68.97020938123605,776.1854485711707,3.620967922556087,64.06858964873115,1.7828808392026914,1
70.42266065353493,5.59032775518471,20.7803027008261,720.2230738975802,2.9835029403150832,26.483697272611835,2.981648817548302,1
84.16293818297979,1.1419628923545027,68.0965531239015,571.8452425590833,2.922346309306592,67.3926227727614,8.422128693326343,1
67.39046039510966,10.170242288385953,45.25855711966329,423.5683756101239,4.514519945420632,83.79408172855425,6.926066511925829,1
92.52908645471209,13.009413014397035,56.66903813720278,794.0586634363868,3.7898858466771346,74.41126174082403,6.5675024039366585,1
87.63583197788206,2.3790765793961057,70.46966073591427,816.6982930344008,1.1169891321382366,86.06534004518102,2.1598288072610066,1
66.7559427129571,11.152623844374116,12.860791683864656,781.6785656773905,4.328536711830967,60.597418700866896,1.0574728454515023,1
64.35190665874563,9.253903775636132,78.49489424219388,660.6787925608344,2.039214324256639,70.72045624796891,5.8598684174427,2
88.99226975755718,1.604709582404376,60.88223220016224,601.8232761394717,4.851968015435979,47.34977328309489,6.693597038205533,1
96.60140527550087,1.5376459198601888,74.9782789789161,697.1257194955288,1.2713482364206876,44.0770853557453,7.373548797807534,2
53.36753007343859,8.732556902644099,27.67064455623654,653.5950865488601,1.1829681352500514,89.7229444921901,9.761400722596573,2
98.44389276428458,11.24477747614387,10.406899210450558,742.8710773538646,1.098347665835206,21.76988412231978,3.912491972345871,2
74.43215952023328,11.556111267116899,54.66363012852042,539.8367591448864,2.0945066651266635,99.76996001261689,4.835631720123756,1
72.56935121648377,2.4543573178750377,63.58476389999435,700.8934467579677,1.8830784511550416,26.590483649267416,7.124493718672418,2
82.72556071405677,4.09889290497314,76.06908498003283,348.18762965758515,2.7293392041704077,95.4892736134079,4.7775458523351,0
81.92629738320429,5.963915969441914,21.937216187893604,889.5854711738883,2.637336025260172,91.52793629433076,3.0695914530197754,0
60.655235201254165,0.4670112432676704,52.133346030070804,489.54212342044474,4.457432999358549,57.85679253532457,9.713740851232496,2
59.27627578515606,13.029347519334161,62.12774822333934,751.0991990186337,4.379132912467551,80.88191927543991,6.635982894682739,2
56.56224388411938,0.48789269236877875,73.66782782525495,650.8227044384797,4.186149163904705,58.52178812100401,2.0557737006615504,1
56.259289610127524,10.28347930843457,34.424471591957015,380.3410723552189,2.9663781869657475,25.13671496601073,6.237742617229589,1
63.449670221754886,11.963386509557822,24.8289567138859,545.8930969031708,1.0464821596324025,25.795751023564712,4.532442007660164,2
73.99694173585618,9.000308221789556,23.33300629674426,701.7382259822526,4.440489588756819,82.38807911146799,1.3565694281352143,1
74.02534736289145,1.573952676272623,19.363601269002196,891.3306856236452,1.569982171606053,59.911052276108485,6.563401608863072,1
85.12324852720519,8.394730252303711,0.7816677935346927,462.19985035859474,3.0708465735388457,27.02931993158667,4.155642380882627,1
51.66015543956833,1.1786774573253112,31.753862096127683,336.2652401279892,3.2701633930462326,75.15719753098125,8.205280291981746,1
60.007512212240506,2.512238733886046,8.36542722675202,663.6796622033639,3.8259029059476046,22.526891586051363,9.42591021619321,2
52.59856418257362,8.119445029516058,56.724841556073315,816.1299304349557,3.856347728529711,84.13824664558335,4.0550517328852544,2
90.7412556873256,1.201722695770127,71.58533248484221,605.9350444999286,4.269191079849975,56.18546276146401,6.792199256768725,0
76.32013304680567,10.973842826329978,6.530398562447166,289.22885459386646,1.9884129360405858,32.76357440905507,8.846052099329814,2
60.960699367902215,14.637978837286969,26.951663341688548,368.3766451976545,4.1587940285699165,72.69662204007008,5.483761448078251,1
77.76817754688156,10.788026674083957,18.276379306503898,897.6170454368822,4.8991726485871325,72.02605490775495,2.7958820583623063,1
84.01141212156458,1.0829761346876376,2.452200176464485,417.49387753228893,2.850491826957265,89.46180043267044,7.544521627896772,0
87.13532605999904,6.38240001672113,27.674799403757035,491.1751959399918,4.950598254944231,23.2087353129986,8.803283465102037,1
78.93377042861967,6.579231287843857,58.02061283321092,566.3348119260568,4.493692952326642,92.05614912090068,4.795488341861098,0
63.841389861752575,8.885254928900434,72.98906764933528,386.93042285368324,3.491866334253931,70.52481760740164,7.5980172017375285,2
56.57838425636299,10.737374470231329,72.72260165325127,366.79402076565725,1.9501732996955106,97.71160752333117,2.628792574385408,2
92.71925466847895,7.384167846720522,19.778485952254165,815.9874358271325,2.781221020010662,61.18538831437522,4.233100324597891,0
79.64754257174637,2.4528580887753417,31.286522932140855,880.1180095179369,2.03253373080451,72.53893316330337,3.926710578022254,1
88.67365628433004,1.9631049107752474,77.58568360628358,544.9632018993655,1.9442018533858558,25.87973978640101,2.5278211457878665,1
75.98869742780089,5.055047646469294,66.31066927060876,530.0768903801738,1.9948570903505196,69.37159892832241,7.360994951969012,1
58.35209539504749,2.514288244324765,2.9337141546834378,728.6613097926663,3.6552181104872203,57.97047005998511,8.597534040722774,1
90.28350764750266,8.780315465951283,69.4617024410607,383.79678652389936,1.4476784775909115,41.57996892135917,1.5137817048038338,2
76.5584764000516,14.049085384424423,3.1474832534807717,329.3714441065174,2.808796113133741,94.7100014022324,3.8454049447907543,0
75.36174043441963,0.6235928857558815,11.867456076967109,891.3095799232505,4.860474785744183,20.395198474752767,9.566306068809151,2
81.95599689077503,13.018774417800332,36.379188450708725,585.1374185765126,2.9553863210276807,73.34914060368834,2.256861292806816,0
51.4986794936339,4.618949123867864,56.37446101893174,381.20474387991646,3.6937297332996692,97.59296368858163,1.8451064421047656,1
83.63010591125632,6.656253289568567,69.45138035020042,365.14736314080085,3.770503808904658,87.04922317184882,9.501527975266209,2
84.16240141448229,7.4576214601264095,49.42777921609711,814.7882399111669,3.2824389865553187,22.43096477574695,9.3785382595628,2
84.47633755157806,10.147700786658698,17.254012191817374,678.2755556512273,2.575457622616634,72.09863816331936,1.9593372727719165,1
82.89226523015179,14.991205886559998,3.8569631088444822,885.1632197438562,2.6276318428914824,89.66027602698074,8.04146935652446,1
78.3508130493334,11.076738138769898,70.28124490410784,512.6912090731714,2.308132646252955,73.40747084508678,8.270613477471327,2
88.11425673883079,11.967204732879518,34.84666518503464,781.5922405137641,1.4808362214824338,63.559127836867965,1.0518279444830942,1
66.22929149501351,5.496923023070968,31.69381532874043,702.0536843484103,2.554232405081383,55.895489809802456,3.1378971778689473,1
68.662589581467,3.4090444089472722,5.855673901475491,642.2415856978956,3.672851194220065,69.55922768076917,5.171446394205152,0
68.98928900896149,12.950004743577379,41.526542810897446,561.4682204593252,1.1025682632257428,47.299826210092505,4.421760569072713,2
69.94113904484502,8.702585538409984,42.68820373815028,645.138310315739,4.059533046168513,85.03885909728749,7.46310768603845,2
97.77618479774674,0.27348874014542446,15.662238854683688,254.91586873579237,3.589898856618412,91.84244391599896,3.1913406691866935,0
96.35172723981533,0.9040108543434128,74.75488214444114,478.55474670576234,1.405683313796866,58.86974073490605,3.3109891094845714,1
64.24364509809614,4.609349473894299,64.24207182661307,600.4548298389154,2.2452307966240146,68.82670266487347,7.445356068008742,2
63.63120003667669,6.203236522880273,9.750887466955804,367.74707719754224,3.7244714158599312,34.515067815650156,5.726470453003541,1
85.45231308612163,1.6031538464211574,45.38497757031229,416.76580940588644,4.851707500950319,58.683651737593976,8.253932947976423,1
77.51132710781309,0.6511879928222875,50.65211004752179,868.4121724343271,3.4064472805853248,85.53510875414321,8.957858170135669,1
61.40398859744663,3.1806725986233997,48.87847910807934,517.1685053743581,4.359445211466881,92.00184987184089,4.180792413724463,1
61.8435279487241,11.707882728657927,21.984482843850888,784.6993070338909,2.6949530145950513,73.40399194331764,1.8598178245120136,1
81.19296623382866,6.7765151810584365,46.92867705403793,359.2092350341612,3.9474949797767285,89.02376620345828,2.9506582008169806,0
54.78572777600809,0.35457879069504594,51.357720035461284,644.6111234577074,3.18678965085628,38.555767689278035,4.518153963149632,1
79.72381675930865,7.4515028828875405,79.02284161719098,338.6858391618765,3.780578216190375,52.34550144834337,4.853796534330533,0
85.87988828290881,10.386542269865545,79.30047949617506,333.4562881451814,1.4164385975366653,77.94710537029928,6.205482253057681,1
63.70803332799029,1.191290534834799,6.852659967714443,831.2240685316768,1.7674692988749716,45.86972496924166,3.039907620042892,2
67.74981529159686,1.0413576411914005,41.52478327266163,293.9481663349397,4.201426031289446,38.69696655283464,5.860107231440596,1
94.0039543780729,9.763160535707913,42.636622924106824,460.81693952499415,2.3320076522327917,73.5589564158552,9.947254250990508,2
83.09195949246893,8.366751260550373,58.45204081913969,552.3836479844168,1.2405693704031409,64.98374527023279,9.618627560548422,2
58.76514711788298,10.350073362309987,16.074695092724518,598.2879949075028,1.3867057985868785,56.02967490065481,7.805469960057215,2
67.37857621194911,9.97367586730827,63.635996863178335,852.6655826616442,1.9385683274218142,51.94527326474465,2.371744119973757,2
99.62417510791876,13.90501451886443,43.196570422444765,797.3216413446738,3.0838319090881687,69.88685504022078,1.8021198890441497,1
87.7635210248404,1.9157022545285223,66.08541042020227,758.3182569857508,3.8349787909719057,22.89283044198097,3.7281552035079573,1
63.155628495542146,5.402046112072786,7.011419741107083,859.0225849701908,3.215208962849505,44.44194485264188,4.5728336536685505,1
72.36012702524178,9.00891500040926,41.25435421571982,847.6047825893713,2.987853931623321,99.372641185865,8.662824619705862,2
60.42552571786679,13.958928219658745,9.309311830838087,781.3423105192745,2.5224931739063203,90.23794563560556,8.812510210967053,2
90.29627000588106,11.85045654460592,24.374331127843263,302.5975339833139,2.611920715060646,33.88196119892069,7.254559800122156,1
67.30498632688928,14.634153012898723,51.27776618762656,784.6123663623346,1.5300986909673937,88.9611585818098,9.30481471462055,2
74.35309594094679,9.093794066264662,61.18478407223964,363.64510771926814,3.0102643058537697,51.89304222178505,2.317365929460242,1
68.37672111457657,1.0225846407824035,2.0649525559589588,337.8580879506348,4.852460446356695,63.96236287160136,9.69239945037898,2
71.62489391650661,4.677241996278894,40.49134902721953,535.6825976113917,1.4226587370469757,71.2661051752165,2.9443436425863965,1
80.97939774489149,9.7530163859723,12.161988250291849,289.8772576219343,4.123046344273759,56.78403390154561,1.523474159549282,0
99.74331585848836,0.8667084149454996,55.602818308684256,889.3913014212188,1.9567204168637025,31.379949494975694,2.09246445480186,2
65.16375737837978,1.5156871651597004,55.372907335530556,290.48966878454075,3.037688512599159,99.73574830823814,8.325732425554168,1
80.76097191155054,4.593804311799175,49.91166690333108,592.5769515425736,2.704333535561486,30.45683013921596,8.9794379371642,1
72.48923244106612,2.919337677311476,29.42074807018317,519.1843391438026,4.310151582267498,78.68915044491217,7.923744042772058,0
50.55156322143236,6.242309972696423,38.50753213082589,262.47497993498683,2.039252834980137,80.8231858497708,2.2339873515609914,1
76.76550657262959,3.2280280802585626,0.9696619715114618,406.780947439702,4.903495019640215,84.12296895063916,9.636189798889301,1
74.39270219631813,1.6460429801625525,43.83675911789544,545.3452674639746,4.377428330958464,27.846606462739565,5.394170233196004,1
57.50243323469921,4.8701389033509,58.98856619102397,559.4117840896982,2.5035531405830773,51.55810228560283,5.13502091565388,1
89.25082719185284,13.381270334103515,76.42677492031426,761.4872010659418,2.261627582992051,75.05077648692337,4.938428116498527,2
62.73353110230256,12.61307369138884,3.0741079169859997,836.1452948880253,2.8459098584989366,70.97611814466244,6.934185299852045,1
94.75588703532682,9.55004523250811,49.114686780804945,293.32382636444845,3.0736320877808163,32.01352006536333,7.6369039184933705,2
75.61109604063373,10.2034166881253,3.3338320481907413,305.1148104297721,3.865293552250729,25.76674687989387,1.6413105498873275,1
50.605423761744376,14.347520974492202,59.00066875672056,479.61341552634167,2.186142325150621,47.97625837966797,7.971881780630636,2
83.06853055352072,2.777933518012019,13.928746826726748,313.95717231370827,3.6412108788053525,81.14981297773888,3.385417854925036,0
51.047248051545644,1.2325750121464103,77.42880278760244,442.03910536032316,4.076892591352534,69.9730855083411,4.437456756876063,1
60.28436310977776,1.8207962723910964,49.20103744310933,753.5119574145622,3.5756170141645227,62.42417065993266,1.3775610108847265,1
98.42443887971919,11.980712874818618,23.425762936077177,886.9807140832529,3.4075263585452884,66.59381265657971,7.732658614865789,1
90.58848940450687,9.84717910997254,10.247659709296002,469.87387889642395,4.712334561304199,37.969248947508156,4.34950321453762,1
71.6038441472098,6.591074845416783,49.03516659956204,862.9992945340599,1.9627708473300198,29.720110104073445,2.777234408739436,2
94.34624501046348,9.68716218982809,22.87254313913281,780.3655103296012,4.445479985453744,87.72114709522225,9.27033880275599,2
62.612051008668075,11.325628931194174,36.8431597819312,797.29905937854,3.913962708646453,82.11579571997797,6.905456539129643,1
58.87143847348534,8.175403783454074,78.77357916196065,859.3022432231273,1.1726949431880467,33.18518525835497,2.1855589610910573,2
86.29899549926478,12.266779947854175,17.080909304853755,578.8042504186889,4.3628121120448,78.62412358130004,5.880134849426635,0
79.51738452293864,7.6254082037441995,23.803876105505644,617.2642953583604,3.7555412082003627,89.86583326886462,6.726622185813232,0
88.0560768521579,2.401074524318595,36.92459795358319,256.06555288761064,1.986715458086492,78.11693720904039,9.926289562144271,2
54.958904979360796,6.022414737919323,64.00567749593276,382.6231625087843,3.220339797209145,78.64570368237398,6.543869052341611,1
59.401236730770805,5.330768530286091,62.70334275883178,610.2472341858108,1.020918454171651,80.8792608022475,1.3178021944621516,1
87.2866891365616,3.0372084024785613,76.64587840955042,489.1614883463549,2.3077264653523164,31.911044026595576,3.750437939411934,1
93.83253809141003,14.94501506440871,29.464762440547865,541.5969101204527,3.888283752810948,90.89566243720596,6.337399007681057,0
69.57628490889147,6.189327612729356,55.64945171974455,252.09187134278113,3.4783573498393627,48.43944083530859,8.147775981493758,2
54.64953199115661,8.823034004225857,38.4778311908899,667.5115918383979,1.2594143779318734,66.3987029942505,6.053361291635714,2
78.03300472080855,9.052314998946823,54.117434978108975,773.2428497925004,2.0792828805128574,86.00395281440497,5.484301140371082,2
53.852913956716556,0.878263938659688,26.739065495684862,760.1830351224539,3.830723738963663,83.08919717379251,5.655421507974484,1
72.00994989777453,2.2117879005942593,26.255420288744922,532.1125880130189,1.354401718718469,37.6489562168969,6.384027646573649,1
86.7831557119595,14.975212670894244,74.64906650748462,667.6673796978745,2.684992213176288,70.89418917665861,8.070864562722088,2
55.91680954616937,6.148573345444324,67.18418285084938,499.4914187564786,3.287489084908746,67.02154886897586,2.6602862782027543,1
68.11177208261442,5.017669331128982,2.0957366825651835,265.7246465293809,4.326788174703093,41.845664797824995,5.662708896149339,1
64.93627867943866,14.110188676730107,20.7437407092619,529.2769282803079,4.490921001938407,87.3546853433447,2.674912760616496,1
90.13216548978552,6.87280330106839,38.637509766828416,336.76198207036344,1.3224060550284986,78.23514455790121,5.468150371197698,0
71.84253513075898,10.94262342978595,61.24103191928878,353.29030898507983,3.440900597910565,30.828326582214842,7.762375774261411,2
82.84775781335698,14.349219316251869,5.5166413085136945,287.0855687483153,2.1287482987728006,40.93645469887248,3.2228091916479986,1
95.31272902605184,3.7431929977425913,21.75597809029048,743.6088705716763,2.79895936980216,82.1368445564145,1.588295418079467,0
74.37855968366921,0.5042040027492395,5.012256276428362,839.1843446738671,1.5569814844703807,62.593654582017365,4.699860423406359,1
67.36716631294213,13.497500185309088,1.74587174203916,681.4632960141329,4.853577736854202,64.81345467694736,9.431402158297827,2
52.612893964301186,6.281899786112421,20.812623276964093,725.0336272374743,4.925188361988987,40.52240499553982,6.88757141326667,1
59.904881637987,8.479953818574149,37.114598935066894,881.8034642604991,3.4341090907858662,47.960509766945506,2.0268620639914,2
57.56234143674673,3.3797539492685265,20.07733290722384,802.9004375967396,3.2448911531300997,61.87127290994931,2.0329198468229572,1
93.00698466747176,10.842214548127256,5.413468952000127,710.0928131993496,3.1741528693705843,26.538027659742262,5.124705773757908,1
74.23481435650234,2.4866181024491363,75.65585176002259,802.4839914624303,3.6760893493164333,56.98364488004857,4.705889874260577,1
82.5486733575477,8.181478041103581,4.981848470550849,583.1267217007156,4.225614468931358,56.73919020775664,1.4676091979884158,0
89.31390996920166,3.020456732039616,20.689666791043102,357.0591297309923,2.32086025948599,80.5401204550908,5.674472735535436,0
60.24406370753563,13.167451172280613,70.36654839612234,815.8759762799045,1.9551848455261571,56.099147534479044,9.864906905267876,2
88.60062381549952,0.40751131838339727,5.216367300839364,551.5553949280163,4.636880823446241,63.09614383621714,5.480312572308612,0
55.27368499783153,9.85170157086441,65.76825284801804,497.2730048799155,4.10244740370131,97.15813231206494,2.833898132149202,1
76.16648155973706,4.307069371268633,63.42835352270715,625.4356878227524,3.538329670201215,83.83313276927153,4.563734253962094,0
95.75450342035217,7.9954330086921,12.63638582682784,702.3344268097217,4.173045401753018,45.34093416540213,8.714613312988778,1
95.30716273828833,4.153567310667134,78.68171781721776,341.462493231693,1.8080626736099599,34.73798713904209,9.045907390070834,2
82.7146276162481,2.281564248334093,35.22587346946792,649.9437162953714,1.3338563399575332,90.5933094725871,8.232431818973817,1
75.26033867883191,14.506899228887557,33.420878342007974,889.6717073737236,3.6716799952145083,70.77370186031531,2.493594057662065,1
94.0963879152322,6.412345318809227,12.978672462598349,258.1948879842434,3.2390227345535303,62.19196976981411,7.474182601322427,0
94.51290265089011,1.1910987696454427,58.51971922722899,371.8177636634284,4.432708212628656,85.52508110893248,5.867143794869899,0
85.51213993116558,4.7152516977562255,37.69343191462517,784.0639835118066,2.8370607886928556,48.623861226035345,5.447912025252699,1
91.41246262186093,5.0281207105630905,13.900927450859504,712.8091132150075,4.303912850832328,28.050998281882666,3.1588670148035023,1
57.09859948804969,5.2191211737325,36.02807831243301,736.7371190261492,3.6045903395266965,69.67428539827449,4.171374519486889,1
92.072377654238,7.069307510972468,78.32839504121236,662.1923898922289,1.505058966258011,74.09420496603472,3.925936138885291,1
84.31635983430488,1.0446172224360861,13.990514974076751,806.2292182887611,1.9087182280940596,86.9632900194352,3.5134847960896938,1
82.14409550293539,10.412258602647466,41.012380251604235,448.45193985287534,1.8505775054843845,22.655148364994098,3.7355176111665145,2
82.65813952656416,14.07457227672724,69.69635858104417,747.9421047479467,4.153789373013195,73.19879227807962,3.342581718094027,1
95.3597515352915,10.060984678587511,44.8352504784352,322.1431549887627,2.7882221752257017,56.8286616961541,8.78107248570403,1
77.33241100938943,5.706008234556145,78.14402628085274,321.9683856621052,2.6901937132477785,23.361974013712423,7.659137086902373,1
95.90382760995753,4.200559943257342,68.66733414392966,439.9418498002335,4.643080646575661,80.31695228774271,8.244160991572947,1
50.90032778002273,14.442155356110389,58.13367936562586,448.0882120009867,4.317578659435387,42.521695873194396,8.85478455609515,2
55.62901952059685,10.555289661911937,43.25587813159282,312.7474056270365,1.967575313035356,20.992322902185183,5.218911689180553,2
65.06326303800002,8.975362264466382,23.779024616689377,444.94742247954,3.9727727949264136,23.851426878268278,9.126054956727884,2
92.61319371955906,10.017070248396097,47.45772560859074,829.9966237907739,1.7413207181148578,26.31753297526629,3.155591529185843,2
89.72891393500952,0.5200540008972498,46.62454680667917,897.0343855243515,4.422784375350158,61.71565512348715,1.572768183579781,1
91.5686757192855,8.984677622658158,9.194639764765347,311.00723513518153,4.63850727774637,73.53602103504628,8.4635811938508,1
93.94894501411336,8.576585280724833,41.3957081404033,529.7778167086436,2.267786351164477,54.76767686869694,7.964916901571407,2
80.09617155075658,13.38784934932269,35.47040115033502,644.6082261671902,3.525230212367955,67.33577298450604,7.323703957769647,1
61.871673418740315,7.6854566631868595,8.337984224667814,499.9323629691281,2.9506682744850576,72.17794076363779,9.55477947327583,2
80.03255332741779,11.153908742648397,40.50128475961622,662.1676203946154,1.2837288645350937,40.35132646734776,4.256677838846248,2
73.62466775032567,0.684731182535756,11.201927804265415,429.92930006434875,4.886130763604203,46.50776056824406,5.338369523008743,0
59.80488563691965,9.161701066136525,22.454657241277943,384.5451759849774,3.0662905137839163,20.440463932833666,1.0689762938430278,1
60.95344045509289,0.5508204375123171,8.64206033045531,470.2594220701885,4.210342718319252,65.76389146954406,5.614009533607748,0
64.67444116040608,13.976305791492246,31.76120329897533,306.61029841725144,3.468266064471205,29.107071478128113,4.107008285215229,1
75.37059693589045,13.113337870277636,39.48372642720949,706.4681979205818,4.9712673559962814,30.519129591838528,3.4725837296756756,1
69.72880377988233,6.3274226780824705,32.88168602124366,839.9471516617607,3.8561305778674257,68.6324171272563,3.784354460765039,1
91.18951921106473,14.325907672274834,65.69586260401812,251.01731837445737,3.545605480733628,24.090830515368058,3.318464983003497,1
52.97623501738858,9.056931794240816,54.92719307940854,324.41696474283833,2.535355532179918,56.498920716443365,4.321477195848249,1
56.05125002425965,6.284216852812131,60.09424382467345,296.15498194661603,1.3207200563276138,48.38170334687874,9.475531404570326,2
83.42863233614571,10.180049350088472,28.953599267029198,635.8795142855499,1.0405247361109735,70.88768371276338,9.21958252818613,2
80.62867341724096,13.105478901995175,57.917844437287506,328.36297066239865,4.609813229143366,25.31550754846199,5.805707252929874,1
57.10685618967288,0.17559916096356099,33.76274081021112,441.77645997520153,2.944001975190412,66.17599093876407,1.393651650780526,0
56.15016475618728,8.37963594675638,27.45338825381266,723.9627669071413,3.6091665943677587,87.64834903919254,7.2324354400230275,2
71.49655386950741,10.094499335916487,22.03049394043348,449.10377420583825,4.155940639683173,55.71356131212657,8.185423064665173,1
91.12111868341393,12.863435064919257,73.33081886729659,530.1403933336426,2.2754672732845553,66.5758997275291,4.340551810938648,1
80.05370834001165,10.58378793965737,55.07240147937095,493.4593765630789,1.6674408067950113,54.4423470769766,2.283347296737179,1
94.50485175919042,5.188161911067861,12.356779777865903,266.5410439387381,3.583289545145937,70.95218539637946,4.065437499231625,0
53.58559444238255,6.14443342342848,24.897399605071485,690.128415827756,3.4231169978107614,49.167498255803196,2.961032988294911,1
99.40179830777959,6.810024317941723,55.06193886241896,341.3594289259345,2.942358798637591,22.202937589557237,5.549096061194049,1
98.20087035588512,5.763100694787004,3.119681005992927,270.1212640975733,2.551947039787478,32.801994917055524,1.2101688669536732,0
87.81068069750884,6.8778451332283606,23.139581757812362,835.0540689607125,1.4645558408021024,96.47350631642554,3.8257004563961754,1
94.42018361543407,9.044143147191923,66.136588779319,889.6085560868017,2.153621751274983,96.89083883260744,4.505337054121783,2
69.27559523684612,5.105806563817586,43.312608587806814,350.19427806601664,3.2148459414320447,63.33638499280032,7.85711631344383,1
91.68249809687927,6.60662025468636,24.186659948119498,418.5676832561114,1.7784953468194877,24.61180657592199,4.08203180951242,1
63.512384606539165,14.49626078799611,44.61670610000351,475.73007536982993,3.321870403974784,31.13573610765564,4.996393742819826,2
81.31171607105318,7.333467476886771,32.14230405234594,896.0014527848039,4.521259048595708,69.87247665275521,6.124396250640545,0
81.0330239912292,3.0196816173364986,31.61101946114549,275.6486963790845,2.9021841499473067,63.44196671661305,3.0497476249288864,0
98.20144235827568,13.64181916405863,57.77145883647247,596.7013086974857,4.47987663859074,30.452187505877035,8.114588148473965,2
56.24104069834242,11.913159938241082,22.061405460108556,820.1088776618228,4.776168375301591,31.90367755240925,5.164080445588541,2
99.04936890813426,7.251111539597199,69.08380180116362,632.6754893853579,2.5013196316784074,42.862684442069614,2.8290078197747857,1
88.08990956888486,5.798107602345418,40.90203697606009,570.0115620007682,3.309116116932525,89.24617164996418,9.826654092250864,2
70.37921042869084,12.412783831594545,61.162223572377414,622.7938184461226,4.824188574447732,36.037961242272225,1.9833778927865926,1
92.69809834777111,6.587247249506224,67.75750833656484,830.5086333770197,1.2498303744762858,90.67718103888485,5.0348714983248,1
75.52162445021162,9.398887666398153,74.11060853840694,262.42546137934664,2.9073738732712684,75.01776339444486,7.5043626192840565,1
84.6266215768554,2.016526941121828,23.9516470697345,483.16509152105874,4.21774883071802,42.30078979316424,2.8963446748048285,0
97.87240095190481,0.1329492767020335,79.82566845455825,689.9338442573071,4.313877197796469,43.56955170769545,1.1288374990035397,1
86.8934759280765,12.512168955010136,59.238090556281534,342.8526867455451,4.013711689027876,81.51382256861127,6.926864641030494,1
88.30579663977932,12.688821595165983,49.08832913899667,307.5930640802914,2.9505112386688435,26.211946773728407,4.667887279291877,1
70.35532445628138,0.9901476621036237,27.905642717558344,322.1487642143546,4.232940840036889,95.81504207715766,1.6508482773214475,0
97.75576036458507,7.838648990051177,23.96525423630991,299.96034892950627,3.0024970722816713,83.56124355925989,7.363778295400284,0
52.51130057319869,1.0935275305185526,32.229862610610965,441.93882113116314,1.9295372922241913,42.48035991269709,8.23134468967196,2
96.46140268159269,6.076540417913496,72.48888017059977,458.9722058111233,2.9057479453751665,38.08231982527998,6.7642843795825955,1
98.94905575874044,9.05239644065068,28.62512672908391,671.0813398938435,1.4916827138615503,91.09272642123189,5.527755557018527,1
72.4674871019821,8.787971826802789,49.982709023152196,296.65427404723346,3.7304688848936096,39.35453442524236,7.4255736925593085,2
91.12673971920984,12.059377613287804,44.20007739263113,588.1104300019883,1.5715038453576469,82.02769203225085,3.4426844240204293,1
74.83477114089733,4.264111393912751,10.706269039975451,659.2125029796288,1.2173281392916153,79.891618730096,3.85828115735005,1
50.00673465022427,7.666937088558447,3.74815268220825,429.5102125835847,3.8279059498228647,25.015169729749267,8.554046431204021,1
50.19099613292916,3.7023580380285335,59.272324492165716,455.5755973240494,1.4075695522640541,48.81871350403423,3.4335395774607296,2
92.13559510802774,4.700218763777147,63.114597742080576,829.7168941269775,2.735269678306118,92.79545150835136,4.395862485668736,1
98.20392082450542,1.339342867883594,54.96154132025942,570.9791262970036,2.5505952218225882,70.61695029988807,7.334713824708981,1
50.21816348251546,2.5042963312079807,57.0436840507455,683.1505188258342,4.864190020514709,80.88302322006264,9.556954369582042,2
85.12702507674035,4.470783129591648,8.429193780068518,758.1855111742082,3.5765968859036636,23.8548809914637,4.240454193108805,1
97.8399907742143,7.506017185653018,34.61833088157637,547.504743353541,1.835530896020655,49.49657366918362,4.328319303884589,1
52.61775100937362,11.513514427768774,33.32035455231032,784.4169264306752,4.401392004479582,36.95952437589264,6.916181339531157,2
73.6140902081491,13.202351068822276,17.259254334116328,690.5785802015287,3.4310084890108903,43.624118205746626,2.2294081328605535,1
82.58198802386383,11.07896187198496,25.250187501067998,669.141192614504,2.580523630446013,77.05655066260942,2.792937474046478,1
94.51075013180872,4.311143946983696,29.422879020492232,287.75976885222735,1.4460488492851056,61.26895221698625,3.4083340905517434,0
91.77401128710972,0.22040082982430764,30.327523893754893,469.27460539991023,1.0773105236704041,29.949471920040818,4.722784074267717,1
74.64322922237233,6.064346208823037,42.475014272967506,636.835588688693,1.0396952845113425,57.127612756280314,9.671493167988295,2
75.95161400647743,10.163134011884297,24.949108633350654,753.0943957992956,4.091685927504461,61.703683812331114,9.784124409512922,2
56.27751073813267,0.2542149733437149,61.612656940567675,774.6510992871737,1.480828916482305,41.24662663668849,1.1579712702996603,2
64.66543053902824,11.597128108780073,41.436842217006316,476.2621355593873,2.486957179625321,20.108290057237454,3.698204748087123,2
82.32293708189653,14.612916657245357,67.76486615871195,265.3367270195939,4.594242418699357,82.65587306389008,8.023385112138824,1
72.89978795017858,5.970079394317542,24.233258306655408,292.70165832033774,1.9129414539747964,39.72829079824197,5.356693627391814,1
87.3722203298347,7.107147425969199,4.6275559557728485,872.5633706423325,4.770897276376449,82.81516345187268,9.921951114077984,2
77.22411664001315,14.44152525379809,6.048403249340062,487.69248636989136,1.9015250720270633,35.666646730741604,2.267226540034085,1
81.12068207829984,11.719827836209577,46.26387195362885,345.5257612323363,4.244495079733884,70.87637657309827,4.493491355142959,1
83.70651477680315,3.898574688642493,27.61537667953684,846.3657980357937,2.1620180226856816,57.59906145263493,9.011270236564132,2
85.38606751337637,0.9330483924705413,11.784243542317627,255.09703400174593,3.5236871609166536,55.81387403283347,2.2084736581204796,0
97.89670605283852,7.944895859184299,19.351463529031136,575.3923212505599,3.718481330940431,26.099137437885158,3.472334335431028,0
90.34827454419968,6.894973056039919,43.72617136258359,531.330401436155,1.1755997705720205,33.259982385612474,5.009874748677018,1
60.459273270396395,0.749685429895181,67.4919731241459,887.7751439566753,4.172571495986958,88.30279373637336,3.1777941728534085,1
98.03134877565998,2.953885566801426,76.11438482894658,896.6325410778682,3.846891222984195,98.49149854334576,6.125858016103933,1
62.97708915880452,6.554938284984313,47.48487483030288,297.50301531755974,3.4893730584689844,98.49422694098357,2.7109688480535485,1
89.62975581441916,13.61848190669429,75.49612742561766,874.0881428635407,3.0858385548858878,98.1846326393203,7.81579186420995,2
58.083571811848095,7.15350159701955,57.46649402976032,410.77120528240414,3.5624607341955494,73.32803832372954,2.464297694277093,1
78.25426562263782,11.574403664679116,39.91165316287535,257.8670259044698,1.0361538763171687,48.562347517600976,9.335746615886038,2
61.43383898018044,9.515455333075307,17.766069655465646,459.0854932787066,4.392168358405936,78.30891538159575,1.8585934958188957,1
71.43510104932167,0.437546454678967,38.47121172824072,680.5821076056943,1.4740104943926062,43.11079511273326,4.580529629519413,1
95.97655123280248,14.89882523134446,3.5929039196492685,744.6551502720049,2.486896265609373,51.396654898358406,7.788384760123204,2
95.92132160727044,14.263928917538227,46.16980688306566,482.12875354532684,4.150196343435117,40.08011066098402,6.07666625950166,1
67.92892307624366,9.849466105618141,19.231913031480552,374.53541472763675,4.672956346701748,28.14429463596295,5.5536211696143845,1
61.04263914815044,0.5839494498850117,2.8815054633141113,363.8941518687878,4.4670814180240015,42.598299518162136,9.554132535177661,2
79.08111464945968,6.549212846531491,46.407106773556364,585.8539503970741,4.0351050150293,42.59968527782818,4.177453524402722,1
94.70471512666253,14.196847697256082,71.40465819891796,522.6411960722538,4.121462012027527,58.1068586640879,5.477858669314919,1
60.234005452864196,8.866954548877747,14.890871820267835,465.51705439367595,4.420120806479741,36.56606473686842,1.6404245665608954,1
53.45037963064082,14.111767807546618,40.55363503694677,516.1178466810619,4.243514324031674,86.86607423284129,3.9897192980404412,1
84.68090287368976,11.5668422377783,52.37205494927636,348.5367986200646,4.503532334068228,63.12756421888069,3.542251837330033,1
71.2614092718847,0.5635663559836107,10.229344097793405,747.6053878353096,1.0000465390214646,53.32526627858337,5.702591629770296,1
52.731721000048616,14.596172444584992,18.090026499973753,447.72916776358255,2.2157700490201093,38.43333296938799,1.0132643987768026,2
86.46723970439982,14.50268249698928,17.943478662803606,680.9806746722245,3.9675853078348604,87.87403032724198,4.803662773122483,1
65.14654528202146,4.879427010345466,57.009706647881025,780.9066532286635,1.7264558710264106,49.67528065262122,9.11746177074235,2
90.33467598473696,14.772876041437137,60.33986077456646,505.57688066814944,3.362551335978551,72.88114033978562,1.7061023468541157,1
77.22484795519325,10.639812427089144,13.38570432008483,757.4106163266122,3.3350911220564465,96.17774285580757,1.3818006838620254,1
63.266306877773346,9.02330818949736,23.724792976474454,714.3757066463074,4.036021130087724,28.201277125317958,5.624690177860909,2
75.4445277795528,5.539211553233116,74.63398900557377,787.8791079175937,3.788837527638547,77.14613085879981,5.1554452943180715,1
96.0497260548288,10.418931408799281,58.31848493246532,810.0990874617744,2.096286357368764,84.56567230933624,2.7571654266084282,2
67.26709761224438,5.03415681404764,78.28203747113125,806.7491954361525,3.804679446361039,78.16454092923121,6.05865514962314,1
97.35453335542596,7.443881293235423,30.441416789591564,355.97296900553414,4.1448226090442315,78.75551456604731,4.459195346717214,0
51.25967069796147,12.584959915770161,0.9134386763258906,707.4048567588832,4.881028438904228,55.01290625185628,3.114760644963575,1
85.24355050216909,12.256922130233777,43.71442528622779,878.572928916495,1.2066748866318444,60.38364786436225,7.466085525902951,2
93.13202355745895,2.6888341786168506,64.00027854109452,609.2595992170544,2.586214727959853,30.537202286327485,8.787661830180213,1
57.863660408985766,4.646817888136488,23.20364255699495,816.4191222240553,3.690811976835592,83.73451177530978,3.254211089132491,1
81.24370498034995,8.57618974715623,66.62643014306168,838.9565893128193,1.0486270859095472,73.92159352470341,1.4665221920775613,2
77.44293325386779,4.314490935655173,24.542127961771296,479.4230272440318,3.4851697961984405,46.72399725350154,7.594291455312524,1
70.22636927869348,1.0252980046493794,62.70078739872858,435.7429109852589,2.7310675183970505,74.83551065775212,3.992105414338408,0
52.82928280733578,5.608815705192204,75.55588661554427,667.1273582440629,3.6859165946688277,70.58257229101119,2.7909292506349312,1
70.916693205114,11.264096975449775,8.109831804252732,430.604304458313,2.1052764338634145,54.56151420756048,9.823318668479665,2
53.3751273341911,7.780514915708926,14.349174560976836,880.9397545163337,1.4532140189098568,52.288080188927296,7.6409648635114555,2
85.22772140137226,6.340929553408984,27.72193343621746,508.4480460593659,2.057105052634557,36.42663509654398,5.34735727803001,1
63.42668780338037,4.311924973458751,52.54048507796456,879.5492656049299,3.4145488022375003,26.158357365197304,1.680252524686603,2
97.5711610422783,4.4593618546100044,7.365358886598035,639.378981647748,3.4945951131610644,71.88038560949505,3.4066182507178717,0
50.75553421072375,14.475230541817078,20.0714436552882,689.4170872341558,3.8265194795148383,68.80059336635885,3.816166547922834,1
63.554812688203285,8.965024240540547,69.28765068893532,865.3769238002071,1.4236232176150305,32.38628900781759,9.502626329047716,2
86.82676141673963,13.244907372446596,16.210610730827455,631.9308162211112,3.8045583776698946,74.40895083575782,4.673365217800283,0
50.76974458456542,8.743890852063947,20.2481231343687,542.6652599928786,4.830324060335269,51.922825411394776,8.55821445997984,1
59.42703028746256,10.086907470375433,78.16055635511547,316.23051556740893,1.033279768908768,54.686623410609144,1.8336293474623049,2
87.41921748381156,13.718229957728385,34.721677816700705,418.16256740103665,2.737613276026439,77.87582542800008,1.0814874542233388,0
79.47269947423486,9.199375273310686,51.01505975167484,407.31435198757015,3.856210893512507,27.311318906542112,2.7934330282012074,1
93.87350233272409,11.080847260898496,1.09964432090762,411.44456924037013,1.8576259319726582,41.664506242957806,3.2280379325189776,1
53.126314787142285,6.884107748952305,58.61867798289321,644.3756210663337,3.691486674392319,26.49193428289913,9.563416391591085,2
91.92459169215124,12.07635477743494,65.8387044033414,856.2618302862949,3.177015864454791,36.022561429410075,6.551052470672871,2
87.14407468339695,11.06876090031038,41.71592193335041,294.4981675668257,2.4844517537205113,93.66132867706858,6.260040187816834,1
76.91659716278568,4.0328027157329025,29.47591359332631,831.97495794956,3.665852190107343,82.99096214018662,5.089108807608897,0
81.5123609728079,3.725754131148113,56.436866422678904,527.9408669071693,2.7701820592589823,71.94578596615054,9.42652559322034,2
53.20031733043105,12.371148560205114,23.39064883297545,538.5476454291456,1.0876533151000358,44.083686226745044,5.523681183671174,2
52.80880386737195,7.366435940747477,74.16885030867418,318.5055917700734,4.057762912302017,52.773684270079414,6.896563430719042,1
63.01182989926147,2.3923839381203744,12.837009141698115,295.819764668044,1.742586819604972,73.13755079911746,8.935215506591572,1
90.70628427955809,10.27701464811726,8.834549072888214,437.9718400923674,2.239227501289876,39.9965557118097,5.635050937387508,1
76.77769074398363,5.353289627566653,28.30313269891488,788.5611386389529,4.157171393278743,44.62366653445965,9.224095994859333,2
97.6407508501253,4.9011381304506125,28.35399590344439,578.6621997242733,4.764483250134694,90.10555465138492,1.9231116632523082,0
69.63653716357081,8.300567846246578,40.2505978041232,376.0109941589802,4.435267084672619,74.15526263974698,8.541175373666231,2
92.93821396747362,11.225337804986097,35.136848099977385,646.855390760026,1.6414616244789726,73.89163339799262,2.6132793016535265,1
84.69747952550784,3.44397241130953,9.404104012017598,357.4349185929223,1.007968540876281,77.49916942828241,7.591609441525412,1
75.74666749566298,2.4204420158307554,6.68434700085518,262.4338281842366,1.6629927078608828,91.26844279865173,3.173831575315136,0
67.71356636086078,1.5801822672199979,17.788904379853623,587.4959710071333,3.4310107323826102,39.62818513329688,1.5195894330260549,1
69.55164345636993,3.5130505638950122,17.564313858384153,873.910821763746,3.4652019437028962,64.55027545376767,4.741975931709897,1
71.44721667150722,8.113575057571213,55.71438456288858,706.3949625181891,1.6867756308217983,60.009020166130156,4.7076228553069175,2
93.52634831346921,9.471283818275646,42.600325313278546,325.0065174162963,3.422551557293646,29.376312454418674,4.034859180091768,1
57.14209824071659,10.381104705365534,16.50016910689221,504.7085925722169,4.582699110475115,36.34531067191762,5.570245575629012,1
70.9635830583011,0.271860615685946,63.42064908582502,294.8798391044898,2.8970200839078144,64.854263595116,6.655838109531284,0
84.43158146539378,3.7990857528407265,0.7983021326759498,720.2383805306928,3.1426263973903144,86.8894162565799,8.392495266106248,1
92.16630838939416,7.276419899693102,26.69027166694925,764.5128316843904,2.8051764521170197,34.67537571227476,8.69476617605327,1
94.12799383861736,6.994646342102552,6.055978184782997,502.08695844600527,4.214150637850413,92.14192228369829,2.8312546824783626,0
53.348680601263574,13.16025679699258,31.152395118310025,602.1446267739161,4.872263248203035,25.325178233137827,6.83486206706886,1
53.705271128743355,5.632033926997505,64.30516361547573,531.7569512911623,4.988729415611802,64.72474279572818,3.8904593737235813,1
61.00556629523766,5.2578080142924275,29.802661900764065,294.6638905205746,2.4782967977070927,57.139081579137994,7.504639770149242,1
82.83647423608039,10.631484828437314,0.6690945501485679,391.48380972734844,3.646737153599426,58.719149454379775,1.0478212810151135,0
90.22473212159112,11.592143599355062,43.87353303948501,293.2011617545769,4.066060198130339,66.69708701850911,8.037639794421633,1
87.58734961979202,12.045031079367558,41.44064531236999,341.21093682578476,3.6846298935187547,69.63790280415765,7.6802786847917845,1
58.49405030253676,2.9246279985043384,71.23276137754628,737.4855689938461,4.632913954801292,80.69722569311367,6.374397753912717,1
82.70663685139368,13.33691885910015,46.304540360955244,661.0543608134518,1.6259068640144023,57.91369760928822,7.44757400762289,2
63.54713491581827,3.033812707868024,25.106144657953244,406.97540819534174,1.8596505481455834,53.98806742944696,9.170546624951808,2
75.35298233693591,2.8188057122298456,6.157733550469926,702.5014943396513,2.5311950577455513,85.74647572682875,6.935596917766931,0
89.81207252706842,4.079190591276731,55.38871379688465,421.6402900509172,4.756273917801167,70.90994252266995,3.920606201578079,0
63.47559311461363,2.8638987760746524,55.57127671149822,392.16514844865276,3.3812130637099562,41.170802154028586,6.9577205031448175,1
90.74698642702697,11.670378647169798,60.868106474462536,372.01956369996384,1.3535397879380748,75.91590627899085,4.315124924149162,1
71.61731132016736,0.46723639190086597,20.766115942003935,271.8896625184016,4.51674309040499,39.471734657482436,6.016034526157073,0
51.94896603305652,10.00271086958487,25.84218766032751,833.6474715224828,4.552472755736144,46.023249468939824,9.108648061214211,2
99.80788367493895,12.38123496185922,67.58970782041831,411.8556784709084,3.3068095954310253,25.38047311738943,1.8542614313950274,1
99.94463060166453,4.899588741388664,59.85471296390771,774.3322844674307,4.432093084028917,99.81026379217252,3.1734683673118105,1
52.017541342984984,6.167872769918789,10.406453586315756,264.57682795533583,2.4417073085659444,82.69906008601892,6.095626221025638,1
65.6388994605177,9.815130082390796,18.561454424704856,259.34793994685526,4.0574135457457094,69.89944678912073,7.86072362050864,1
51.94690083438328,12.556794417459782,49.56209600290427,616.2069779632161,3.4984561924581263,89.15465974946913,6.282428559030164,1
79.04751899440896,14.860187355986486,60.53841336548544,537.4909735432379,3.829588000131711,51.138437735343075,3.059879162351491,1
79.84259384438798,13.922731471709271,74.33116160123701,472.2384307685687,3.11070986488678,36.9308718855889,9.960679985489952,2
99.05589539339678,9.74263394561171,64.35312477419787,714.815104834405,3.3726328761578728,24.267839759111816,5.092879082973949,2
83.73931510837053,10.16297420825527,29.849809473790685,862.0997913277199,1.669428128947124,60.02875569724485,7.217955788957405,2
84.85679029459047,9.729584351532234,22.023057076148813,351.53426964630427,3.5437613073068435,67.94416929115502,2.6142040926031687,0
85.25695727852818,6.8275798760048465,53.420847328252236,794.288601850598,1.6789137143076927,21.531589439746934,8.011923277562081,2
80.4848712576308,10.494593544331826,67.0523979990914,771.8271076359254,4.843680587715299,62.874806308169454,5.396460693939148,1
70.0943599945365,2.305365642663068,45.8085786305618,430.05814081188623,4.685230048851902,66.65526434216781,6.335561624572992,0
67.74623304385051,0.7798402796656123,2.5395012298390895,525.1678436995784,1.3382615123889514,68.54775644321113,8.928757050756918,1
94.14574082593612,9.885681151983485,16.898546517834482,810.9479403832669,4.544373741252833,35.73228679623669,7.636834771936095,2
64.32597744635615,12.039604685293945,79.77903199228821,269.5169034641053,4.589463463163728,69.81044268789265,9.760443572483391,2
73.25047587632139,12.710818958570606,4.991525487862178,467.9313825508922,1.2680661510048399,98.02745067832564,8.352765165446531,1
92.62737106229852,14.069478471508413,6.808278889582828,500.6384351336667,1.2841395561760085,36.86344812400229,3.0642919933390513,1
73.45536055237893,4.028432511804639,8.078248545420887,358.86920791117,1.5891022542083637,97.84614383298387,7.833632562266263,1
98.3880732634781,6.596107297618628,22.269478533012528,768.8905781859713,2.305015672164587,43.95066989642786,3.0925539298704807,1
56.48394891121177,3.8469459152514895,28.425579877911016,688.0962352947247,1.2502593688778063,36.840555173227436,8.281212762625088,2
57.346096179188535,5.139677197837823,69.1727137486512,350.7014522432377,1.3309473424727596,58.763039606400866,3.7217756015068275,1
78.1704182241927,12.057073357252127,10.971879052219453,627.4544049602853,3.0220350415594557,31.526302881055965,6.615986369760842,1
63.68202089303858,7.317514778160187,6.5817859421649505,548.729637188855,2.2258538721712813,85.79049689482835,1.5128085429763145,1
70.9303637459165,6.87647136197157,58.0004861039295,623.2869238086371,3.668849348776724,82.1639428521405,8.759826762923698,1
65.69377483612352,8.070340580458545,67.20864627513599,893.1432351272866,4.5580772441750526,49.717381009950145,2.756498654967854,2
74.46962687032944,11.124621777540634,39.405525660263805,564.0675611538845,4.352921684327202,48.91230232537491,8.73815207330481,1
70.34024004758618,4.923496585175091,36.31919289597592,745.5905231386645,1.5040081114559771,35.71353726976139,9.563003430967827,2
58.77458136906787,8.515909768965818,46.345157332955026,568.2559003326592,3.5789809943072743,38.386138063809476,5.973960409990734,2
68.60866276234486,9.925008894437836,11.297883469851957,621.0703209456595,1.7410814215332948,42.29144504920291,2.968388202912249,2
59.14188899344086,12.385664273410004,22.856605412871225,852.630458211892,4.879706101380764,65.7008375949678,2.2870101039915376,1
68.72741216897907,11.96598395022321,29.39125829576564,306.5611918968127,3.2271396437127517,87.60966811968278,8.163337484291521,1
58.75615700651766,10.091469216187,17.64034107485177,391.83489745891194,4.49628709322074,39.97351621921841,3.369226118662101,1
50.03266953806498,13.060035511882765,63.40758505673078,657.7638078089408,4.001063055755369,32.16388539395935,5.124912351288179,2
67.56096936743904,1.4066478938552474,38.890438817193925,848.480772722713,1.160236476202778,43.31687307950351,2.867868425851331,2
61.907332683284814,13.626518278190629,37.44552433874321,553.0946184108823,4.042302569821129,32.35937632039406,5.385388186900457,1
71.49926070605298,8.953660358199842,79.96461626003509,750.1417811533306,2.5914628120697087,86.20424418192376,2.5363752698123214,1
51.523184315448006,3.066725586964096,27.23292448914077,581.877492348714,3.4605165621647993,92.84845737715374,5.588686085954119,0
75.06378223128647,0.753645147344732,2.792924212497905,608.2539752456419,2.752714452993378,87.13443159842389,2.4461162624066066,0
51.24858310585248,6.735581518951888,18.9982845401806,282.24934267024435,3.898393147390516,28.9274399965798,6.474875500069945,1
64.05248750834446,2.6024407553253304,30.380121833545395,770.9397545449199,2.5683743076182908,80.06157193688446,2.129376671192356,1
88.63857098325396,3.5539998735997296,54.191450391109825,617.7580106466476,4.716578868846749,50.98580143802512,1.595486699509964,0
50.95777427756264,12.402878414591298,41.978851012914575,753.9086336927171,1.9377024000460588,47.6066996410587,1.2709348499018704,2
98.07461622870561,10.018018600512201,74.6564070207445,422.572664828897,3.4458544449026434,74.27999746341102,3.857947302318296,1
92.40546175078151,14.207421943503718,70.78840941568035,730.3935343605922,2.109858718899816,42.529283368450535,9.67024288401434,2
50.5142247967846,10.740749598632167,56.499693004420976,654.7482016173683,4.960435384347463,44.95035486109802,4.059746774139233,2
53.946970147327775,6.641972048156061,20.883882098787847,473.20135641546875,4.33828716102251,94.83876108219965,2.6715976480466708,0
68.6254465776733,13.929458431730911,4.944676855137811,310.03434327239603,1.6511639568249175,67.61702673014997,2.354250439053977,1
98.40381907253668,6.700717908877805,40.12143682801331,410.3281002735142,2.883841009738934,72.95309061096091,7.760594232586385,1
87.69340413549565,8.668366690411325,72.34878199950857,781.3151007489711,4.028192458794502,24.448441734436848,1.0619016599768438,2
60.62236385977365,9.952853908701783,32.89579911060366,511.56406854455264,4.538347552918455,91.6450278505471,9.182577376482271,2
65.69390382575136,10.365837191088927,21.730654501949573,373.89639149839235,1.7385298293894769,47.36860966908752,4.869618578018395,2
91.54745855275343,1.7983664020906813,58.79406779159154,595.4456942230485,2.15178137070397,59.42556676262597,3.6994786279932037,1
79.8040977619153,6.507658842828663,13.152442326310299,325.7789984612029,3.1867827282885206,92.19304266288827,4.09561917901917,0
86.65000536113115,9.879920324096505,74.52439314475848,783.6376612444416,3.266421035621852,72.56243985872858,9.085478199256315,2
69.97593922934674,4.901920587866661,0.8648866908157071,787.2581982244518,4.2039228016134595,28.35636144801211,6.191716430194302,1
73.19908490834436,1.780636432636672,78.44545816485788,389.552326851181,1.2689367203622446,67.58779036015277,7.649800094197294,1
51.622172302359346,9.880764580905332,42.58335007611635,317.1222557687815,1.6900955077854483,65.43794378528645,3.6672185216195956,2
96.9157864325658,12.281103442260761,78.68537652109305,418.7860453177691,4.878894531191908,54.498709583324626,4.127669157823791,1
52.51747634846766,0.7914788678940393,55.36090047573238,547.6538463821182,1.9060865041444228,69.11762450601861,3.2757230642510007,1
78.88158771722112,5.388131204740355,65.88417812894552,783.4525044984066,2.9094015924896053,48.06552874680125,4.263038169031851,1
90.2857262834109,4.92269224196418,16.72474989654768,305.04742221894946,2.8667724835376336,58.570567913587354,8.568178393626164,0
61.0619348223032,5.714869105025999,64.67245911149527,785.3553469868327,2.538444303915073,56.729921862934475,3.7295730176435464,1
96.6277439209656,1.7796564861237045,74.6999538401176,694.5131936929731,3.1262886107469248,22.61272486275967,5.280365726398075,1
70.38740525013661,2.4182821796268383,52.512768280052555,881.2480897893857,3.2487552442581005,77.18026211551566,1.616054073094151,1
70.88334979084973,1.745377277467438,49.02366684292083,860.0134028392005,3.647110929886554,26.144243865153722,4.191995844865746,1
77.53316897204257,6.048116341998783,66.69152083801379,779.536153061493,3.4473240804128857,49.87663561061642,3.2980273638691973,1
55.293715910656466,5.323465252298311,33.053801376617564,689.2849013176478,3.632639297190294,25.608651171300558,4.55733383888042,1
59.0889433608681,2.3521905797520852,66.18417197897968,277.2448908655674,2.6767315036084853,33.45629246132145,8.913971941106265,2
77.85202566375176,3.4707095456527206,40.19418297331011,725.4661338070252,4.8324720356777355,37.63568033963352,8.975635949164106,2
96.71520570837451,13.746308167980994,50.833148548952785,659.3834253825601,2.612842532735291,80.19183058430303,5.781646165158388,1
83.87190356141473,6.4268685577319316,58.51971712345112,785.9064864429569,1.5857450264112645,86.63437724593824,5.862668786112765,1
92.23329545451122,6.469525595115219,30.3232388306428,844.7894761361946,2.004677070193605,87.53698602289145,5.356185152584637,1
75.70477212756299,4.627024222342261,45.843376049521254,461.38727757953734,1.1570776569666092,41.75988842754848,1.057411390659316,1
98.91773935284283,14.486208147296212,31.612423797784402,723.4410553207699,2.3832243936417,73.68745256687808,8.248870387413811,2
97.33781223461204,6.00318413774508,62.66383863648382,422.8534929108772,4.961329215174594,22.06156790114809,6.4317592585100885,1
82.97529908256635,10.320683356111932,9.631006303127121,860.0443592575348,1.7247331162003312,69.82027225918728,3.0040847121077645,1
65.36082085106355,8.196878125921865,33.37547348516612,354.14664063472907,1.6837456096833932,53.451583053023974,7.8155468044795064,2
94.89823234238943,1.2619149338907425,31.448312604752083,315.1596164198698,1.0663699225303915,72.93749461151653,6.42204497769929,0
58.15095569074431,3.5071924963959615,1.8966202915614705,792.7156837013624,4.898762384194206,30.836762943575266,3.083276923887683,1
93.4204761973467,13.896956969342773,33.57019062454483,282.9046069748982,1.1575673347712776,65.91598928552084,4.536055980038611,1
51.43262137888273,8.74878588468835,0.9042029271217977,761.7917727970274,2.2257312908134863,23.220640240738568,6.29516998884838,2
69.88422072165274,14.607006200357242,43.53589300029618,428.9054676740554,3.837755458535899,41.719360203416905,9.138189622668087,2
68.73609852536882,8.24802844164308,4.045848305938309,526.97880466895,4.32945415864398,84.45190442906735,3.0188670296817364,1
61.303953550528135,12.259579683198552,74.43187361354605,311.9845988274523,2.800234557704901,46.996342317138314,8.836196099116954,2
54.176245734000936,3.166889138370561,60.197467006919545,283.34100183779015,2.970141522857157,55.3685627743776,4.009610610898738,1
69.72861576594619,7.949108803953494,12.90938867107065,621.7973208843352,4.221729317199945,80.81287438321272,2.385099142243963,0
57.462473487073694,4.022615516173699,28.885978107282977,515.4961279155136,3.718788867333381,24.534434573266832,1.3120543380345975,1
69.59552814719545,10.457455382069707,15.474827436518606,666.9779128165636,2.039312551761198,90.8868887050813,9.061209498399549,2
64.86436021406632,3.4499063094486075,32.9043177652985,406.34553036709667,3.6895353731668146,86.08517476386284,7.057829178200953,1
91.21752236246748,5.954882433112112,12.505357656708869,729.6681158084349,2.4418980205662155,73.7016660183306,3.435795477835891,1
54.06148174033363,14.88872693231645,12.496120634447943,892.4736460762626,4.90911973026579,83.50544831264317,6.934806658737978,1
78.89035251255423,12.99152318066752,23.155161729559033,553.99278811517,3.4775598774660077,52.895238069559284,4.847378086812412,0
66.51423337510423,8.46347725026804,68.04596224120928,380.99344570410335,4.737732155013766,75.12701229985836,8.409458914120272,2
77.80953463150058,11.692750521360953,1.2960317871573768,781.9472761066979,1.160555436341466,91.193070109029,9.927664725147789,2
64.70337310883889,3.154778344286905,61.22906910864326,414.46712159816457,4.462249532688814,28.227407372598137,2.1335967674142244,1
98.95757775503077,10.10758347405007,67.75097795431623,460.8140952784867,3.7059349980824177,67.53934618468777,6.428351081106523,1
84.12662297688607,8.630387596936478,34.324989544213274,429.34975134735544,4.074325323652808,38.101794400254896,7.231188755389727,1
61.66664113246633,9.379952549316808,59.76626137032231,392.16402778925044,1.2397732034452331,30.477899439533928,6.453972705439229,2
92.47232031128678,0.6749523185313655,58.7321007233317,471.85711986753387,2.91411347967809,94.30876398764525,3.987743542622609,0
73.2668466969743,0.20523622141021658,6.527897600387069,418.08453423760966,1.1114089632842976,70.51002608386008,4.837585211214603,0
77.4072601364011,2.619707788444943,23.67456235492929,681.4859086542713,4.8612108945216,24.033341888176736,9.013458887697395,2
78.84406006556043,8.458793501334355,40.02228281662083,295.1061558377192,1.3595074069446427,68.07296045272689,4.0686271429200245,1
95.86340332888403,6.098858060392084,11.462516696211287,714.5672417763235,2.1734136857640394,62.03762458847145,7.2804950695465305,1
95.01320556010353,11.882867922025142,54.10888542981793,691.7615685568433,4.783698576128346,43.66592779972288,1.0100088477656866,2
63.59772796990993,3.2683706944011597,52.94676680911985,661.912539847594,3.3738455308188953,21.299475456756298,7.5590024900558275,2
66.17652062427457,9.975839835099466,44.52627428017227,472.77510152813966,1.538305068416431,27.553511812838476,8.483664998010012,2
95.9198771040779,9.746820701464493,8.27472918883867,511.31769097735645,3.915756800420629,82.38567072080545,2.0639676006197973,0
50.00153594226912,10.682055688209076,28.527694078896452,415.4128655518692,1.0515898791581018,63.223952540919974,8.660356618833836,2
97.8815823136294,8.486174259199338,41.156906219191534,305.28665056800673,3.195491206170399,50.39832631723157,6.464217527952193,1
69.43631739382734,3.6044868517555013,7.59722201827012,454.6969889827822,1.3865793371510091,34.15175606591872,9.886025427215912,2
72.20517784533092,7.978076497575248,69.88948229897723,897.119785318947,3.330857797378726,84.99790568353373,3.9424692190300776,1
65.28719787236456,6.040555814918403,53.80058101389193,693.4245980158141,2.2609577385978032,30.656793930930295,6.691566308189577,2
56.41629310943823,8.677387623439952,55.47377024450472,705.3974726563936,4.013888442638387,89.82875372525316,5.499630927683096,2
86.51245947647857,9.287591030487551,14.931195183814605,266.69826916511533,2.138165542707735,55.44269650700955,6.553953499857907,1
92.49796652516027,2.9436857505924845,10.043983191878167,876.2619658583129,1.4321782375056284,58.27928560857514,6.270073559139717,1
77.06872104537192,1.290482355494148,4.562153120289549,318.5642278496732,3.34235073549045,63.54759101074569,3.1036671283306982,0
81.88870709227957,12.30101253083474,3.3263167877275013,573.7844633062275,3.757241648410761,40.184954165574965,3.769938147638342,1
80.6818951494692,13.469029401656053,64.79395362423195,629.0346424147292,3.920886871028997,49.185797616623894,6.76868975288882,1
73.30907955637785,2.8490420468634134,56.13906191018057,611.7020142767343,2.4344863278143656,92.90713520629046,1.1884070604405994,1
65.7886575624748,0.8532209666646984,61.32218529773017,706.3698451739651,2.325408874945268,74.05303217656584,4.563435035763549,2
87.81268957112172,6.812754941050591,32.98237822653324,857.5744450673957,2.003516399562801,29.635787199725236,6.260888019335123,1
98.46609061420895,5.6675882059077995,4.962941090302522,470.5484237512188,3.0237266172782338,32.9538405305771,6.922919962508429,0
99.88746945051003,6.776092139721658,28.378284538417013,510.4577084424033,1.4605847135808046,90.6618881140979,4.733430899692168,0
69.36372057124207,9.895354093957115,35.36267367448988,671.3517547250999,1.24578516052315,85.0978674977782,9.464535575914624,2
82.4382693079693,14.318488932882161,12.114585149597064,560.3205231622298,3.407226935781789,66.53893179369493,4.613156011801389,0
66.90422046831307,1.902360338256282,31.339396044982255,355.7295298185653,3.9374627059688736,36.7064748395672,1.5270877475608047,1
77.61830689086172,8.928445990791024,69.75304490244044,625.0380480714932,2.381923414893783,84.24095052210563,5.862510038686789,1
53.96401423155959,8.487758404698699,72.64148363373299,507.60320657384335,2.1853032075992003,31.477556561441602,2.363009697418216,2
71.63857421709095,8.935197362422944,6.44923241356814,860.7195828663578,4.020534469780784,66.92991346269301,8.455948038450916,1
54.00933784060567,7.152583165996866,50.40745014893307,788.624388976888,4.13387824019707,42.16553997707197,9.467921526032839,2
56.21729207154352,13.127004279317282,77.67521996836949,365.14979009470665,3.888264256815141,23.222841502239877,4.648805426252395,2
75.8141649598837,8.70967838864451,74.87497985988476,686.9629467412265,2.925111804876948,84.77400290127115,9.55479538858968,2
51.10330743411454,14.73781908384058,6.890571125094427,779.3514065246949,2.12133901020565,30.574372620309738,4.9587007574245145,2
82.19782897238068,5.714277675352125,4.365232662615917,639.6497407781658,4.609613104442699,50.65722927578014,2.946994998677443,0
72.12886729664078,0.7254406657317131,65.63900675842198,787.1215271176214,3.3520018537185137,48.24823111507116,8.198050280012051,2
77.73435123941836,12.388984628250244,50.51670340664165,759.8635575883183,3.39425197287104,53.1312854572533,9.621512739335238,2
77.05569124394223,9.076342778108076,17.63901115317994,656.6730131277297,3.2864305979317754,34.78707183576199,1.5362838761782935,1
80.21796598573856,11.455384040254808,41.87210967376066,397.4022064577697,3.6660879067721397,26.40845812876818,4.976503343217591,1
58.16833791992101,2.7668857658982504,16.18351593265629,501.3595870785856,1.2046008224815905,51.823475274327855,5.605367024032308,1
74.16471424831626,5.741761506045608,67.1317286456602,344.4623500733277,3.022786975125496,24.963313356524345,1.6404011099011877,1
78.69329248385482,8.490276373317315,70.24268102755656,612.6178891790476,4.839164081619401,23.89558787199438,1.8820691630266695,1
52.20329307851907,2.7791527550031003,43.301608875334246,669.6219179278282,1.1823406317946752,95.67767118764795,8.579488389853429,2
64.83062410785466,1.1578129533970194,13.590965857524582,332.5138689407322,1.4931351171957874,61.48493509325871,3.212626982440603,1
67.90698582645723,14.842580000764837,54.74513991402758,866.8374335805509,1.5702262201324624,50.57115798660554,5.992586229541189,2
53.8379030944369,0.06281165441936798,53.6347467037534,667.182685920933,2.643155239998447,59.17152608256261,4.738987005328807,1
51.200252242244446,5.0305740932619365,14.166580431783187,313.97572291588966,4.826881735557399,67.94877800337325,7.5579065581294245,1
65.76818716330587,5.897206942410228,18.95391951173788,313.02768612752607,1.7161265497663352,83.80112362371887,7.097912246653983,1
77.34644379927384,7.126348093001521,73.79474269248996,297.27771605613447,2.122403252951664,47.99502828565713,8.04183230991509,2
99.62573100809857,3.610057721357296,69.94458673096645,789.9047942806643,1.8986295905670665,51.94660641593781,4.687055823632672,1
98.91103342632792,2.7133785206834746,63.93263768838256,467.22526421252144,3.9234813831046416,53.60088034365303,6.20523786804886,0
91.63058866630655,12.062483474758261,69.31385468317602,288.75126147402835,3.7682022121589793,31.198990137741028,4.742367112165699,1
77.42942075273442,6.041092271202461,41.5689340642406,897.7421007191025,1.540869254851419,74.03648362691405,4.564008697470537,1
56.65048994536644,2.3810514506146427,75.94184849964935,821.7409728626453,4.628167841660087,99.32262206619092,2.8748385100766614,1
67.7719668682031,10.038285448873001,38.70420318885178,521.9531966959169,2.431244997342372,67.50245055547617,6.180340857760738,1
58.07289170321201,7.076097562776586,44.27774209678799,620.6865101754038,1.8404287716494072,79.38171138018294,1.2267918533896267,1
67.74159277715813,11.703189728034504,45.111433684432185,419.75558113205915,3.779812477372191,65.39127553248588,8.166192485107484,2
86.75125930949116,9.15161883054352,39.05421402486512,336.5683816838902,2.045332071541535,53.52795783336682,6.393693583057498,1
75.68539276076524,4.322767889392942,0.5171486231768441,572.5554942355291,2.1425039542489723,78.76866405684281,1.2155163874343513,0
79.24139056528955,14.12211356259098,13.95274136891996,556.5721689878869,1.3656879672685527,70.05455298090821,5.954785125366031,1
70.36827621064162,7.820655322106118,71.72597267752082,377.5912965021936,1.090258046821389,88.93319077592808,6.1940537414911585,1
94.53292277309211,8.954178351197589,64.8128871967762,529.2876861808461,3.999439725153075,93.04331735118848,6.1491066734998565,1
59.03925752811898,4.031964225452972,15.891566151792462,410.4570679372264,2.2256617974041455,64.41070294025508,6.291924665174495,1
71.32498736209305,9.231311697312531,6.525994048909274,307.062354087804,1.6873178414306338,61.44619984322758,2.925952108284822,1
64.16422017462887,6.004692542594911,64.94928992083038,259.01038834335907,3.5975152809464896,73.51012248325483,8.187902023209729,1
96.63764695301566,0.3020677342393474,12.302696441057295,826.0113411363955,2.8340742487480615,65.16725111467707,6.967244833508326,0
83.95333022478187,13.976106049747623,79.75595339293358,718.1023496051112,2.1488848368206033,90.38019218354749,1.4429882308668545,2
61.55404264372481,13.460785761955723,20.495321155148396,393.4231887541365,1.552501172560989,88.72894061175332,5.50052433271978,1
83.74466015270774,3.585995761125445,60.64323368089732,744.003604225364,2.2503920996332005,52.85461064082263,2.8872124968718076,1
98.82805116614522,9.684038655876174,74.76351045724124,447.2006033589365,4.127563651987559,81.26869151077936,7.224900866798874,1
98.28194876334001,5.903330041594733,10.457385887180584,686.6107585086395,3.9172392019088247,66.00484587670518,2.8613610382005663,0
75.22279708346777,4.682846048536941,34.19732225333512,669.3920742990315,3.980858970763338,38.57797527210745,4.64792824582258,1
63.45807854958146,2.9794742079280367,62.67097759966707,841.0142513840451,2.480928742738307,80.10231394990134,9.0729576042797,2
92.30621052651158,2.7422008280883885,76.50335052106891,494.8396862791506,2.3569626446953453,24.994506182222427,5.375562886943947,1
55.45068078204643,3.7280973139113898,25.35540974138251,775.7371102695946,4.501954601583586,44.19730539691757,8.728283091201165,2
92.86154686848955,11.469764255773104,11.735609121214523,698.7098504854739,4.780096258322275,74.60323830137256,3.984551641970506,1
75.02896587154157,9.685875650265805,40.84563269828028,327.96941212513036,2.2482561786080826,84.1916824442906,8.752762414859657,2
56.86500163577851,14.285801285980869,26.305809427888747,680.503930174968,4.007300583826725,84.95569877103067,9.511747320033372,2
65.64597740144113,12.877596818273318,10.534952274896563,708.2765891298352,3.9679109180559435,74.21785929610564,3.270832625216377,1
93.65215735076018,2.532876950555925,4.290783321666467,716.3522438977429,2.9019028609309347,87.92784159669408,4.45057426952433,0
58.41392942538564,12.546632887048046,43.91277053120574,372.97726505373066,3.881535994345783,60.88909107916004,6.438816840162878,1
73.04491691032909,12.430634757270095,66.36501725464399,711.102734185851,1.421605509585849,87.1083089523255,7.039116824796189,2
84.85120830021498,5.444742606058075,70.34236449256053,721.4915401526573,1.4503618661167779,52.622242752493015,8.977423257641275,2
52.35983508486895,14.421249294630742,54.33300546556502,660.3943854681947,2.0822370259519656,39.90334309913416,9.478523975397358,2
64.91362271170614,11.632579450784991,31.449743856566332,340.5151460100576,1.0428611907814358,63.540586961220065,9.782009366940393,2
68.45680969046023,5.357885009895672,27.527329427955365,588.353494248158,2.762659533697174,90.39317013816115,5.549687125511412,0
75.38789190942845,2.075573920808349,78.61916327283087,412.4823790647393,1.2934562698384107,73.05169991801671,6.358297331411854,1
70.75728269963729,6.332883508210171,62.805113683714495,377.21321606477187,4.281013275779559,71.89976911160144,4.77072796401572,0
72.90143082919343,3.849708107791437,60.16914661575798,583.3685824984241,2.2834181709993744,67.68400926087602,9.961610068461907,2
71.76311398282769,13.810371011679294,27.60134719396529,285.5762595012408,1.8169684254737155,53.49561146621474,2.976714357351121,1
50.01135191091278,13.72502306621291,67.51035289847432,732.4899504665157,1.6712583825841145,29.629086096798886,1.6084427452514483,2
86.20145943864605,13.932119410318279,34.44286567304296,327.4414367974313,3.0495712829284263,47.90655259669041,4.373424319149979,1
81.06653120778536,10.780771698933036,8.848287909852868,273.13365002420966,4.9773212107428595,38.618267913244146,1.4844747241761316,1
59.493766454796,0.5843676952269633,31.344871569373733,771.5611598933608,2.3649777990308825,55.53467255026932,7.080280962106949,2
75.44470350349401,12.921685290319862,69.28285400366052,256.44195206924985,4.112185225932796,56.85868801933391,9.899564871732968,2
74.16160379377176,14.803439180824462,60.365548896458925,411.59317499864915,3.1535799171478307,99.37085115828663,8.717775469767314,1
54.868344689561056,10.595579952149942,27.646366869665044,254.53847022222627,2.6139238761079984,38.7803537379977,8.369823434684243,2
66.86653044228828,12.412855409307257,0.04783510678362468,450.0824475169775,1.9646608572310478,38.68538888548888,1.6136795778891644,2
59.35621352052509,8.333243548284297,23.30888582701956,521.3066085139462,2.507467521388754,90.07239399999156,9.14769099109464,2
74.647848582793,4.952339254734066,8.54405632018909,869.7118715983618,1.2409077796011898,43.81202220546243,3.6825958105300374,1
66.02006430701074,2.464302649086139,62.65291447389578,329.623610277893,3.539626636612651,29.907682136465397,1.6348207383366091,1
95.47147518429382,2.851931494780585,65.70001236477634,604.0100662196382,1.3114260784350784,96.4358553150454,3.2226505029270327,1
92.98226726763033,2.5321500867684628,68.31543057134823,258.5987283884411,3.0471218262779227,81.55540635372455,9.41315965743505,2
95.46010681032436,12.294373043214673,71.05530797290433,379.4927957940997,2.136737182846915,43.11748199368468,4.3934853790152895,2
69.66603351925943,8.168329869820132,12.79038106931531,699.310331460893,1.670266157218026,44.8246785683638,5.530106175455386,2
89.82202807617386,11.092038498580909,51.64274851284178,351.2526193771106,3.188181382462311,26.995720143990837,4.396268591169857,1
70.67582651449796,0.5971715916863074,21.919047957597748,871.1721537232181,4.814530431318758,48.18616434020314,1.3879009805349165,1
58.954746966409076,5.883266901503102,75.82237583753839,341.7793912991702,4.0540633746728485,28.694603149975364,9.831318196521492,2
69.08082495545675,11.62851808348584,27.407286624890546,657.9847701532257,1.768064338960147,31.681681543757,9.442577256113182,2
95.88236389522167,13.312034103193236,50.03467601332748,775.3743372905808,1.2761477476454997,46.78312335125433,3.823328122814406,2
81.78226609763067,5.339366602059608,11.880542531494465,637.7035990188034,4.257535682676326,50.56987955679786,2.1904184358863352,0
59.83440986564115,3.5622495775407597,23.991807439562898,667.816795829101,3.403781938150876,75.68638892536313,4.2625178607836185,1
91.19988259399892,3.061314917336404,37.52325980145231,770.6101690019296,1.720634590930477,28.789049099262634,8.953155709191908,2
67.14648313795979,10.25805187363548,2.0278883411150783,698.5304774661422,2.264405246187882,24.45926828699534,6.488314853933053,2
62.04019080365866,5.8021086307782,6.446464982921087,345.65611321171446,2.191908941983375,27.180760044812573,9.197436382176837,2
50.30235215919892,7.257903282964671,9.859796650604116,449.99140816066654,4.704238239273062,32.93556426191895,9.692490877464994,2
60.289718849471086,11.123491627002444,43.73418119178494,824.9111729378934,3.2159730220125238,62.7647375325047,2.759122003315599,2
58.311468102582936,13.747337266732714,26.227055908002725,491.85346572588236,4.039294633713554,47.105878593824585,9.568562019751024,2
86.89638844994002,8.961438638601301,70.4716128435802,282.2438404271638,2.028250768756835,57.2029067376728,3.0428068552436893,1
87.1952593651076,13.788120465805878,33.90160959447387,472.3861900727317,4.846202928550265,55.58819462620327,5.401435604043549,0
67.58249361709527,13.643227095182075,45.51643866254806,745.413481668069,4.247226873403545,47.34792335338065,4.90324898188342,2
92.42358872031323,5.448830275137154,63.5148106761481,861.6450096733842,3.492841492272028,79.33018299615111,8.245875808370215,1
92.25198244483212,5.92580006785194,4.101076734079854,511.2195763038807,3.695024919136359,56.028030862463424,7.740668357743587,0
67.8491214734332,9.521162116560443,14.913584388317966,737.090133819222,3.1827838752521034,36.325151083728045,3.627200561480265,2
87.43043542909162,7.239018534922811,17.282515231445778,878.7262737406935,3.8605000792675517,96.57078660318369,4.843945408243089,0
73.75501703458602,13.469328242775287,42.003947219630774,709.7312927386836,2.00869150998212,55.738117496211245,2.1110487922931958,2
60.299001793848085,0.014151229014466304,3.1412041318928186,885.234485065004,1.9694147805470492,73.06485676032015,8.551897289196503,2
77.53302296182821,2.297167501259343,58.24931498689331,640.163416564729,3.9250023573895003,81.57972982856697,9.778693309162707,2
78.6781640013355,5.124616690359027,51.87716455201897,294.48646100770696,4.589589273286345,29.550480907055743,3.950585540972364,1
90.78726903130604,8.959685674960678,31.49084162219537,557.7331785937639,4.418189572808721,47.20035088479137,8.826847163309541,1
54.406721548834575,11.65197655812946,67.80381064437891,368.1814743442702,2.7213861294888018,33.23998197309245,7.35943716094796,2
76.76738840308283,9.529850200624816,15.718957356496892,387.63481033407265,1.1659893020396255,45.765402815658376,6.037701952003075,1
92.89674569986644,10.00391171188021,34.83170587198011,869.5280743561896,3.8769808023033274,94.41321622900401,5.748291759449491,1
62.94521373965698,0.7924002954708298,58.08678811870804,328.84694870359715,2.2111005130878687,62.59767263071179,6.0797492900177295,1
80.0291598493568,2.4938299552455097,30.378992385731898,651.1762476260283,4.8792754585351386,78.2104910159751,9.30343381384562,2
88.11060291570885,8.875754533386006,15.361869530907564,683.3456737301335,3.4935182638396283,68.19753363658131,5.408072811894167,1
76.43283019946378,5.016637906771561,41.545015411384256,378.4113386910109,4.220697589441507,34.862156375896625,1.7646966090051976,1
71.81230131785787,9.874611592590927,35.01734599468331,429.8901857683506,3.232684735561763,47.760186832976,9.395809211139698,2
96.1322569801786,7.535577299581432,26.23071952146068,729.1360690718154,1.1468517739322666,57.9815204834921,4.026910548433001,1
96.02679425512773,0.18004540909023814,44.22519005746793,731.4313276933069,2.940071950096165,26.83224241301773,9.75215251025112,2
75.90052156880489,9.21279366478517,18.928782616600586,564.2737553194224,2.7165979678332874,25.9916673601587,1.9554431819272051,1
91.87362598093873,3.5972992830988537,15.596661719890443,578.1924433125905,4.074988525450052,24.955721486319035,6.1912712767443026,0
55.960522142028665,0.5469157623842769,4.219516172977391,792.2066703354868,1.4718899345122463,23.612109152983358,4.94109898428621,2
92.19967359710124,3.936125647339529,33.73700940207331,275.9496461664383,2.7963140565395035,66.2090464509707,6.138163483769303,0
66.62133460871826,4.732997709947033,8.52988951492783,488.41890842007444,1.3979786754918586,81.32767557696413,9.696468679733673,2
98.50372283333535,12.976066490630908,48.06337194716953,705.562703208522,2.1408232107216563,70.46163361380965,5.100845944958897,2
74.10086698884663,11.36664840562737,22.553468447780133,456.7257476014379,4.698567164514547,24.49794358807778,5.370708685720063,1
95.64004002039309,9.155445117272356,43.71256593697056,412.3337164990809,2.373101956257793,88.16387326437544,6.032963185916123,1
75.737109687839,1.4936957031004339,1.2822525164098497,876.3953726465819,2.5079446691473666,68.25704496796035,1.7174356586855648,0
84.15571428615232,13.988500630589414,46.053220239793575,331.9749595440169,3.326886109893907,81.30777704837219,4.657748829166168,1
93.99188739707338,9.730244300360468,71.93991346313621,655.2784523107691,1.525151888019297,44.775336888415126,2.8161545342721124,2
95.44132488584312,11.40600100931224,54.11186951280048,445.6281077605541,1.736179088200854,80.51608703911295,5.267421512911717,1
61.28947760753145,9.249329672479126,3.226708171076158,462.0106651833648,2.8742279783645386,31.83666672875247,9.861890298317556,2
60.45486822948071,1.9552969506489832,16.282789910951713,749.8897365538207,2.7020226370873712,65.23327518020304,1.1890824128772466,1
51.72156542866573,6.687383247405243,65.33241945612988,825.4052711599174,1.3468262703825609,63.06904816808182,9.219067176513434,2
69.39863771989431,12.443487471425529,10.695652351954896,858.0064182840691,4.00569327012521,95.30675142295213,7.089555101972558,2
68.17019659997135,14.072717587870837,22.045342104734278,465.91213934012615,3.8032336720069613,81.22530396203089,9.364631354642384,2
60.24012045281047,11.969970528288359,59.08368427175708,291.4664615648386,2.548892564840828,42.62123656480789,3.7404138191862737,2
99.14734397773503,9.641661202198918,57.41409262347997,884.801464254756,2.5088071298305548,84.14721347622448,4.910778669740458,1
93.47668359074899,2.7098631196695475,75.81489416514236,392.20161046707176,2.304882027923726,80.49537872854245,4.54379627408866,1
80.41056883832233,6.668602516041427,59.389594967182546,398.4153140395971,1.233831948947508,43.9943517978453,5.268777983815872,1
58.40100260963393,5.32195934484583,31.998641463485484,287.3046983973778,3.333228992736818,90.747474237703,2.3656862165774717,0
79.8904006700757,9.971088073662694,33.546774433543064,705.7134317867755,2.642926173964048,60.370983038194794,1.0661774009898428,1
84.58600570673444,9.920140184170867,3.072070186107565,489.3625698068365,4.9161273631666695,53.658925005489344,5.517508646186576,0
95.49650790798593,10.758928137986347,46.56561048993788,768.5730428716971,4.457465065823893,56.55104573898135,5.275975284386519,1
69.30254678259179,14.500592100276908,55.77330034322803,304.094993035247,4.451838493252074,58.444795266901444,1.618785157802387,1
77.48586275816555,6.2574641846355314,70.21995238900999,382.5964923461018,4.305858437968732,64.61509529483621,1.4914927289212214,0
98.59226506627422,7.6892286615479986,23.2701483385266,555.1144472930177,4.431431134069956,44.39224995080508,2.734087568380303,0
56.453562346544075,4.467890975853169,62.40384696320348,556.5571373769201,1.90992641477416,33.294799968779934,3.994565288593412,2
96.99621864428545,5.145400688850366,79.04992607637082,565.3997962474815,1.7166556731606035,91.29120734348075,5.143198358213442,1
85.48356717522623,14.755673748137276,4.01402802559792,312.85146386191866,3.8818269658510247,42.54600026363776,2.6587125725508916,1
51.968093990986475,0.3277006797930271,61.95884824958327,337.3817277902075,2.8708824638846036,68.47174521435863,4.855166205119616,1
51.35533261681166,11.752522538818633,0.841057963332279,745.2284313453646,4.573217975152491,54.62719368457378,5.8198822578801845,1
73.84916963088268,5.838129279351582,70.99396282962883,831.0567819354939,2.343265458566138,69.20558032117583,9.342168059312778,2
98.10292494706758,7.634385606330713,36.225984422746144,431.1513053535418,4.83548749276164,31.42514435782939,6.218466184429525,0
64.12751337593194,4.185124355216949,32.397486990095075,899.2154082801754,1.2198652273592883,66.28334545628252,1.7431494223174946,1
57.72604149952595,6.5934441265934804,40.836810507715306,418.21506543694056,2.2658285234976647,26.957361620474643,3.7289780545982545,2
98.3279219690272,14.170610725087226,26.7902632109588,621.055058581195,4.638381564443778,20.494705811271736,8.296152133038326,1
97.41847763944594,1.369886015003356,12.915814882633683,874.485096801381,3.150160574561385,21.135730757737896,3.3186879888717624,1
72.49718371344298,10.393633665371516,58.652830250943964,897.0239834015465,2.150044797535036,63.05760814947802,5.799911930736445,2
70.28226297236188,2.5374284076363027,78.19652505470741,804.6561713332809,2.993332113176949,68.25963381472238,3.045349482036961,1
77.18935351958734,10.424551996822137,41.21336227092711,893.6853608802118,3.4453666249909047,49.677897007373524,7.949368248542543,2
58.523125579082105,5.767737205593998,27.756716030206867,530.6746118200552,4.127119303714905,58.73384257307259,8.146130052393666,1
78.82444515699329,5.13104151986333,64.79829949467779,404.88828585950955,1.897531919199182,60.36023392438686,3.3476432136588,1
50.454351747560814,9.724462909482023,40.88750571779184,539.5865794205547,4.867874058473261,65.6959347170331,8.770884200104462,2
56.97251181025801,8.538096946941415,69.43837013847224,629.0187422319336,3.872056712508006,49.763485424976594,1.8320456533335996,2
72.89501475635358,5.917190862582863,69.36481459031579,408.59694652910696,4.866936910140432,96.6510495843597,3.2286847876429485,0
67.40259777386602,13.433336113108275,77.3297776716886,538.2354168434287,2.2839881825635913,62.087521060123365,7.189922857291613,2
63.673725768748994,11.047097619286092,4.132588569171283,282.0414202968707,2.545150820582181,48.27785536485764,3.8406989383043704,1
74.5509881334455,4.811003734673569,15.380633477447354,451.1552069075906,4.899617091240939,52.88907335958789,5.002414991725022,0
78.827249497557,14.750111526213399,19.32810211486104,692.833371846082,3.8639387741668965,68.58595334344528,1.7972050567297968,1
83.84361379137883,0.9614206655426322,47.691411963991754,730.7277651941326,1.8438795624798017,87.32976060342193,1.2731842497970383,1
92.1906431829153,6.904935759641476,17.40703519453156,336.9557942460792,4.81322867032949,25.81324700649254,2.791840779423331,0
67.3911173716523,9.303522734416807,43.58408682208787,331.66827006800406,2.1589119349528585,39.100141686881926,2.9218856904130726,2
70.55721682399935,10.560471788874853,17.396234577378877,488.3412718069379,2.563669707364649,98.11652235483281,9.59199721191162,2
90.00687913760379,3.6248838122877776,5.442985127333575,455.9876895184061,2.0671781977353234,60.47406401171151,7.999551190610138,1
92.91614694394289,12.672961281157628,28.77404489784542,696.7023232494439,2.25133679009688,24.872443458814615,7.314087390426481,2
50.491377628489396,6.137738811877329,26.350341544166056,700.6954000372541,4.064981891041516,44.327570877702705,8.304643130003683,2
64.69583802524669,6.694895399798418,58.161482161130714,700.3981489961126,4.9494738892488,38.01288193727455,6.960861221856241,2
80.48409541378888,13.726476817350449,12.508971331590004,738.6688063315064,3.2730744650750734,41.97326958303243,5.269914227324567,1
66.68882985348989,8.689701041826913,71.12004886517327,620.0482398679313,3.526889673306336,61.499827769176754,1.4604895580092832,1
61.64292784380471,7.380025941481241,24.81882269957638,368.14633854477626,3.0165313676737533,45.82478347582803,3.3229687885607326,1
73.19927087201904,1.9992638712325972,74.21965864603258,814.0063636475054,3.8304823429621413,28.4971062070765,7.982895290227237,2
90.39786640545094,11.516469265715065,9.117270969539293,668.5401720940471,4.337299182997594,66.18827209757342,6.8176663770528005,1
72.91817397131531,7.9306097982607895,2.750148668138017,665.3259642826349,1.3257888515646368,54.80116754721787,3.6338958790066704,1
77.27139751058566,2.0012450328481064,55.331472157865456,766.7574990035057,1.653417798972626,28.34504698815057,2.3096393450862323,2
93.85637809492508,7.922838926345342,37.38087968060021,319.3626824165303,3.598224027027847,89.4399673516072,8.453672823911077,0
81.30273544904006,1.1291807497751045,8.991762174081037,282.05084162138604,2.029916865969877,30.85291737283022,3.3404323622719048,1
69.25290278594808,14.144741761067035,48.830084782535366,792.7329606939255,3.841406002849329,29.00025044213054,7.62328365736554,2
63.754944077956225,9.586617704920595,27.276957891439082,898.4869711220284,2.0542059179871113,42.33043766194157,9.376050300061586,2
51.232220231816136,10.450334818097954,58.02611125887025,793.6460753167596,4.897757242553901,98.0481535325322,1.587490818098175,2
91.09196613764513,9.69464900486072,51.7873707498473,333.42745229955165,3.6007486657826133,98.59860644809983,9.206367125855023,2
71.95653304024253,0.5992195992914151,28.983479200016387,787.1537025403609,3.805996405860664,56.747492447516514,1.4959138164294798,0
71.34473639116513,7.035374095768253,74.28444263153088,666.7059673284036,2.2466116666185956,62.02546115605771,1.5944977703994407,1
98.62841178248684,5.40089852896089,38.22938839305087,480.9345832539997,3.7300469204648006,72.97857266636744,7.43790079476222,0
63.407161480596045,4.73502721746099,10.020098487696636,676.0814816999732,1.1591885093426102,67.81458684187672,8.827262963664705,2
94.54160741448167,6.7355664055494255,36.7442950570459,300.0299689552113,3.683060101772143,85.70075362982764,3.2018954914424174,0
71.06504408166823,12.582590051479055,70.16963741298304,408.06698717174686,3.202282538165457,35.39945205086617,1.916908877256009,1
95.55602506959788,12.307612563481637,60.802792144253914,281.6981072285413,4.37491517084103,55.0435260724307,4.081556109662737,1
77.32381805126883,1.3702986408533375,60.53172394819191,628.5827999773924,1.74636038749267,35.058575981523646,2.658237864154068,1
52.8501193775967,8.816976740575273,67.22785420708065,261.3738390918026,1.1960185798850942,65.82162213495566,8.375461168474471,2
66.33694452843167,5.244215982115833,47.70771979974207,428.23837793069555,1.1064334643107365,78.81828144812769,6.630849216473078,1
79.03779995278296,11.125261934877347,54.018467004963,383.82329231590876,2.4099241877734046,30.08881133429,2.168713120760929,2
83.80978731782696,12.879001604737473,77.01860670889113,658.4256264071389,1.7364052934438279,28.452027635914455,8.31565874383082,2
78.93782381799997,9.274275315205799,62.51696710037674,707.1301980260935,4.337833011424387,24.497112436790278,7.727685730718544,2
92.54263786610477,4.292025636874715,51.23578191946023,454.20534149403187,4.831884265929816,22.673885794840302,6.218135594496595,1
58.325177352475755,10.68330307765738,14.071222673492967,402.99912023393244,2.9774832441830323,93.18679599975025,2.9054293493317376,1
57.212001055905176,11.384652477810459,40.04956258671448,842.6603230481514,1.5864582286393691,71.67423144184315,3.0959123153663355,2
57.83802143258197,10.251441227359058,47.49476959269866,740.6378479355153,2.2378503057847294,55.837732510575194,4.6492450869737665,2
99.2044731983257,4.383734351090818,23.58537906774135,480.4563357385948,3.258376325161286,40.18581954109962,9.237609463413465,2
63.284278243313175,13.43723597340292,8.278005091726772,676.765756559774,4.627942073752974,33.499955071858366,9.714942640893295,2
72.64416802077558,14.185726626615367,54.14560349040376,446.0314654178085,1.7532100996684257,44.29880369800795,1.837156683364075,2
57.19339831716649,1.5699066051972173,33.83548349932462,767.1259445674311,1.5655342168653608,30.425634653786872,6.790860545655977,2
59.859149098403314,1.4641505716348742,13.34788625644621,850.4254073199045,4.285885011104764,48.32516498840753,6.9023869059465355,1
76.8637836834019,10.156863952238458,54.61369219702075,658.6771097889954,2.0644054741492344,23.12051366102545,5.10010103791098,2
94.54869423453519,8.542458877778639,66.59128333615263,894.5558229247983,1.654464816553105,75.34221113135858,7.068642163300222,2
98.99777236791392,14.784011009292005,54.93428893793036,408.34961478842627,4.194223352522396,28.562330736883048,8.026293737544659,2
95.50980620723482,5.742500921526529,50.45082359864644,529.5927758629371,2.751060219952514,44.82967112864961,7.859166584052922,1
96.80882820832525,14.111262888516917,13.982502789994706,818.5833722767679,3.9497257657084885,40.22699205522314,1.605561516293631,1
63.3998633442189,13.683123551722884,50.65429399166178,718.6855295836167,2.0286094044363834,77.55105244598562,1.2530935565013137,2
68.76606728865069,9.401300228134968,11.687725243305618,784.9523233905076,1.9401251952476746,72.1824890254757,4.646774283177967,2
79.80217977388236,1.611758289433622,1.353023993728586,841.2168777971958,2.078520035068731,85.57416022243673,9.994152704249801,2
60.57156289994556,3.977561117750334,53.02878301077325,877.5416124904038,4.663257392762976,60.23004160524679,8.155992542740522,2
56.787292654995056,14.661572763060185,77.14825872287892,356.4238226214611,2.1976924992124265,28.012399800541353,3.4454583900836173,2
90.79778947076034,5.674734107478892,7.07175737174067,472.446591106288,4.92553333696512,70.37468762073624,4.7454485176554195,0
58.3269256748635,14.792651959255421,65.6679207410503,432.9602465930976,1.2802747828847578,24.530044590204643,2.0834033455498044,2
79.03842918072108,13.931451318082386,39.739474240478756,797.9145635965282,2.7835464794392313,76.68668366142602,7.586854635578508,1
58.69818529516694,5.418240884637177,50.98417252304191,295.952795319838,2.4461607510518264,62.783957302495395,9.966020437401749,2
73.72667813112204,12.240851356714854,34.56538280532942,767.6539697028107,3.3816592064804336,90.92763532019187,4.698482971150989,1
80.21522099107395,9.450280209282411,33.39063534403786,343.802828396863,1.3742376276493422,21.333724047970648,8.86180837820693,2
61.823745611934726,3.1726012392265206,58.88283203408524,458.0104735068046,3.0241787696473463,33.0008852237965,9.637711493157724,2
92.57907000086186,12.95684434447505,32.541899885760415,745.5347889096623,1.5755046215591206,20.689520207342422,1.1797563932022532,2
79.33008687022803,6.830923578719112,41.44122791268158,254.85104127119263,2.690746478629703,77.44545289606887,4.984243317706923,0
86.61096031561112,3.4952844659525217,65.05136035853803,632.480306294744,1.843052397719625,38.93763806830663,6.652274181125834,1
91.49697966062217,6.234416730437328,20.66403433020738,813.5575444918903,3.6770731670033396,55.84683898264612,5.391101757513717,0
60.21282339681982,9.402039450972659,28.699400843431093,897.169364838327,2.9207340610475514,58.87084849516906,6.092666086696047,1
95.83780015593734,12.012271497896254,36.09040558382731,717.1545228823175,3.3449419951230466,59.389363896099916,2.7308419550591547,1
73.19681317274454,3.68727880533862,73.18737198813237,468.0144287726255,4.809056058133489,62.64442320757689,6.683899408085443,0
77.14702222446638,1.9407092545005133,30.065697520635275,314.44497298045553,3.491816176733527,55.74993561603512,8.00186474413843,0
61.02352404996849,2.4684908764400237,32.50657847710143,852.2804990919477,3.841687260049647,53.513889983433494,5.655449527788795,1
54.210650558854915,14.768638445641697,53.31258437559352,435.5126445012246,3.3432335768609773,28.75858928551952,9.692530019268252,2
58.7392493941683,9.720454770828212,19.636357003114433,716.4148987215483,4.107285468961124,73.87357831291462,6.530495142296733,1
94.62345469760058,1.1794006648463706,26.473181262415615,411.3868617600499,4.952055848261686,51.15118237334988,7.593514293163588,0
84.23625819405024,3.181218562160666,19.119814416924108,432.8349663094722,2.644509113037517,38.746005252042146,1.1768633447216303,0
93.96965284035977,14.48414747071326,27.325630962525437,470.0294716265573,1.028367251097484,74.42005506642992,8.428959061737658,1
57.33041501800016,2.394995240507261,63.20665999771502,650.588986430194,1.179442230510868,69.80375923698253,3.780259505593895,2
68.4362577735423,11.545971274453203,64.87481541380885,510.2318074458899,4.788611744025419,52.51701743616578,7.946524317070989,2
74.19386322821296,13.46298489783126,72.62089949201429,306.82092511620453,4.745973325240903,86.04278732163326,8.121796428814001,1
60.04556698427612,12.076788131319974,68.01061877480295,437.9477173951981,4.8090403134492945,23.98881171193314,2.349183279224257,2
76.87905690257571,8.636887066834646,51.61200666407227,261.0299340550532,4.841467098488521,23.56704741873152,2.2875575745106214,1
50.70072587630285,8.502876499411421,74.58135071367778,682.8656579523017,4.290629873921709,21.062496276686407,5.878137686317535,2
72.97814887527609,7.484519163311896,5.777054826815036,694.8829846950498,3.012881659434538,81.21190798890112,5.367615706555438,0
57.4690818113216,9.72385431116733,13.790908968413298,817.0564661806297,3.452464956276966,32.57631068455634,9.661042517330861,2
75.91827316676603,1.093476778074825,50.146632353205376,414.57928955832665,4.21477380750921,85.42576588529525,9.810526202691957,2
75.0934765512252,6.824353195916057,60.278048435718446,336.10592662225224,3.187662055172497,63.699808010468075,1.8052581052934848,0
70.89920427534568,12.79927197850803,68.49228975957283,314.50448219779264,1.3628835309913234,41.01563816015482,8.872894562985941,2
56.44512925367495,10.799952039411695,8.093249569048258,655.0396049360866,2.4242691964765792,83.11311703726936,3.1032140394282726,2
81.960091469498,3.535238018638274,57.0928226489723,817.8907224644867,1.5072071965070402,89.32765508764028,6.3421772897286814,1
56.3555245433512,6.4131278303956805,12.868823478807832,705.2261277632701,4.035472537671799,28.463721621823915,5.5552586742517995,1
90.73125280129585,14.042445623264948,41.081429339341604,867.6814953474146,3.1427558818241192,51.53523956799263,8.633828156976058,2
74.64913552290446,7.078537658467845,39.22499915278627,800.4102512153345,4.327766166752209,52.281599395216894,3.9996987388347254,0
74.59640120195647,8.591587646056634,19.066976850239755,766.0708050651339,2.9459310629296915,46.72364387359677,1.9613889366759154,1
61.94225802018035,14.239217576339755,24.407974945562128,359.75853808857295,2.842691166619973,44.56701946881989,1.3164332524407474,1
66.15726086397086,8.161629359092029,44.136989761597356,481.76329876497766,2.7892110250104025,97.24143345878132,4.396136295072805,1
62.91134066299915,3.652005661001402,36.62116901633073,743.6880966660136,1.8239527367538928,76.74369017126145,1.1903484101447466,1
70.9466488991973,11.637975978041803,27.098636461954513,616.4291159395096,1.8199169313036432,79.35963129009379,1.4705119294188367,1
92.62713224377501,2.972945796325022,69.95184253666646,479.14400684533626,3.8907342978979464,45.53802382289508,9.153205041111828,2
56.33185627591872,2.6777968390889804,39.44241001270419,303.25998537479495,1.7839207388070477,95.50131057696115,9.788406950330984,2
68.81296646652109,13.849290315209034,43.58597405387454,425.33260281794855,3.8095948843223946,72.71214452598858,9.9021278719786,2
63.252364370464164,10.080892539926031,4.1619004023557515,323.8699251528676,1.015673499804373,99.95685448477386,8.220463274327301,2
89.33615073667704,7.645891129322695,24.005366632435194,348.3217849007393,2.1386989553858546,50.077697754331126,7.8067908728226465,1
76.98308944515762,1.1622543983322404,1.4423207167129792,316.51591669714105,2.6419948547895173,94.65543336392146,6.7366223308829944,0
90.09129499377576,6.995618917568228,28.933286655603425,320.46024226580477,4.50373208874482,82.65280232223222,2.513062878379526,0
75.61302819381302,7.3106221188186735,50.00732421492229,865.0214810943198,3.3190857670499185,63.217381342289485,1.4529063964119755,1
53.1453738009012,2.8102018699018334,2.5976617353398623,733.1793821205081,3.8933212159758526,30.884498754531435,8.524710107157528,2
57.7393017423056,4.517633804960382,19.9181519329092,491.99961407248105,2.0186550635598475,59.11607411507617,4.666670932192169,1
99.32847453896633,0.838895251923385,11.37451011098813,284.3368310405916,3.503364779929503,24.360742193097565,8.52795763638511,1
75.5969315340964,7.905114368723006,44.92756061697554,361.028909099037,1.7907612124579502,45.50538582984038,6.341467742396663,1
60.505888797010726,1.7449759069989184,77.60935091347457,264.2881796262549,4.2107896213440865,83.04281196600176,3.674927024605864,1
56.78133080036567,2.1844297005813513,55.7945293789754,667.8242842060129,4.130982697005547,94.99849379192837,7.227346269399328,2
57.79257682757218,3.65163925148116,67.37549846984916,386.04894929223553,1.2900892678179257,76.26240432338004,4.6227371994112785,1
96.00200262729518,9.753826066404923,7.23351822333286,866.1067687148795,2.0342290545609836,46.97699923250286,4.620343723151878,2
52.56121482021566,7.447731333459073,9.86547928602338,510.63071234742864,2.402839151968337,81.82720667412028,8.22853460469458,1
57.6706441194544,5.498267810688393,29.868252882546535,348.41678855845527,4.193814020204762,76.57826626683386,2.7134360766733128,0
68.33609542968995,1.5870753728477132,50.256527767443515,328.8917509566028,4.943736674499672,82.45456597502898,4.512146946255956,1
78.92819661396771,13.670127243246132,44.32794243166609,363.42401615867084,2.5148134223246372,87.45158920237964,6.797917143906561,1
82.53621921669001,13.002322285327338,71.51784459700038,847.8651716566336,1.3793967730126244,63.530080157048076,7.664585690964867,2
87.84634225635068,9.100743029550058,13.342986814693933,768.3233600620819,3.880445334059783,26.890861723922903,5.174288422069386,1
58.69886997609018,5.062155685694578,1.4464873764548347,510.2144144669929,3.199507684624842,69.56660742616694,6.971413106158391,0
91.814565655123,3.2319436091359504,9.638545795077436,803.4991617336517,1.6264512595705996,97.98080650689562,8.582844064587732,1
75.04383029447996,14.721321373830378,7.790138328640337,446.99274476381606,3.552897660162446,48.0005494778543,9.355352967827127,2
53.281304408890875,8.241177480914468,47.26930139160916,674.2732804551956,2.0226648933272577,49.165314201589155,8.593124766984799,2
59.74713844850799,12.40301770760043,45.01243383221939,745.4218822761534,3.854429465053886,36.60091963079032,6.119314627904856,2
93.38615764025462,6.48174355202894,77.32726161786533,543.9398150661168,1.5711425466715387,51.15477440621386,9.565321657514835,2
65.98604246699271,13.021472398005942,70.50005453455118,477.6212408157747,1.3330306322025285,77.96463273270547,3.8036106911258742,2
89.14618071287862,6.639822723906496,38.82133938740972,755.6411143865489,2.5294533242465116,55.450187625833166,4.3857142189266,0
68.367025763864,7.889198653521891,64.70395556009206,485.14940274966784,3.097018882150947,73.65818603540806,3.4249550167328953,1
63.87614024511963,14.001196905351822,57.88276586648709,625.1713395451508,3.590880217682448,22.34395544827347,6.562926690055272,2
75.4754436612101,8.186245196691535,28.75390614646537,302.9580335134122,1.7733569344482087,96.05957705701374,4.678296060438406,1
73.3341577915432,0.7906468478015849,3.005298363518447,716.1679405803925,3.152378656484445,60.696478737301334,3.1881207738040183,0
87.2375365814961,2.523548686627378,15.194779492881603,549.462911376379,2.1451194484477636,39.79703849865171,6.807138800979985,1
82.54858726092723,12.367756046998938,33.41668535783807,297.5053091669977,2.0946655396858307,98.40043705574536,6.366327177094319,1
85.48685424005102,0.11036744438121804,41.45645857460167,274.393627395672,3.276920848365792,93.66166797088603,9.715772174503671,2
77.02763376944621,6.873072078783239,75.60136753987952,687.8463907978519,1.2595971181536378,57.25804621339981,3.162205166178735,1
73.49021607243408,6.831983580095426,46.571584225179365,481.9008187270133,1.6570817978237122,60.2975547671965,8.471825959111857,1
83.20061140338012,5.075517988878238,74.84184182070858,842.9349213119684,1.837393597536395,23.15340680962904,7.67177837515686,2
91.38051306745766,14.517968489270329,71.18691152706486,640.3475993341697,3.1202093568495233,22.2272841010069,3.2199080216030005,1
72.98073758664631,9.427558501253518,44.58014666547285,732.7133932930989,2.1190677235481634,65.19620861219786,1.7932801905171292,2
70.68327617916034,11.252412494319016,55.47206827432352,893.9177791619163,2.111564503951024,59.85514393391833,3.9657737239659703,2
72.03015570295874,12.854251948040822,54.73672601507893,823.5867743759281,1.8140444333275458,89.86888942731504,1.53786046760546,2
94.42996402185761,4.936106691910918,25.16701067312532,582.8575748541316,4.762760750892927,23.82250917451243,4.170078775636708,0
92.82859943416679,5.940817161532001,15.93255180776536,526.1162178654176,2.5422100059666772,93.23329611733628,7.857409381687874,0
75.25577778720032,14.825558500823567,37.22220250207386,287.8545900331789,2.0490972872599396,54.88563841754501,2.412123617315081,1
97.37825631620214,11.502733467266596,21.46297603422181,634.0229467866453,3.885796628438288,95.30231431254384,8.934718142578696,1
75.75961130691068,11.619789296895263,44.9715803062068,609.2575285296011,1.4589678333527676,30.091012641292167,5.765802535202117,2
63.44307724895033,0.3155535369070295,57.82713631201698,271.1162878486072,3.381107364416218,63.13550353018515,9.71933221520024,2
74.21065696738208,0.9540215456669604,44.13503742451694,796.7125109004659,4.987397137125759,54.4274538951258,3.8826886824706826,1
95.33266484759994,2.8686319361418207,49.23431320263413,513.714375717616,1.1643294598222211,47.78307794445582,3.387056702524071,1
84.30455769717435,14.231857465378772,21.44377499029102,777.4528604485931,1.221439267753638,63.049680803185055,1.6349505733890513,1
96.70164955653198,11.495269208360853,52.635992896367384,785.5326480560318,3.5900791822806526,97.51555177394329,7.425621530782943,2
96.23293047911234,7.756978380159571,9.365153038549012,593.3155189249611,1.5074913122523732,67.3994783341124,5.342437544748966,0
81.12876989163908,0.1507047158224739,15.587239332429128,569.364780742885,4.802014246356539,50.68872322841267,4.819348234482712,0
85.73480445033111,9.05689135929177,23.914092007866657,517.030657118828,1.8707991954289298,97.28171673041669,2.1757094340162375,1
68.59183922832096,0.3875845833001679,17.742359354683714,757.3062399471007,1.8047009291555178,26.40507220231725,5.27007861860071,2
50.49846173672592,1.2714923163949976,64.610069565038,751.4576741587441,4.660555281619584,88.36123487285997,7.1485800691583625,2
52.61664286503314,11.742729269799863,67.64086486724483,769.4033947517704,3.0339161412321043,38.63214709195853,8.607969781198541,2
86.35814048700692,14.711417615832774,12.455407820474633,396.6819789838358,1.8471925995260108,83.40318140970695,2.6821656680510637,1
53.3329914911653,14.97841209878443,1.9853769156119316,792.9086391032627,2.461467366202611,87.32923678062522,5.991584420900304,2
95.08156147431801,13.8928947962194,0.7278545024620797,299.01791439531235,2.001434918283422,73.54523330908013,8.994449768603555,1
72.99709756469814,9.104596744113982,15.079988223644891,773.2284420230955,4.869312445413879,41.4879146331678,5.453433564404917,1
54.30580552531869,8.387049846944526,40.222675347734445,343.88371470080045,2.7682648524723,46.72837216692506,5.696477877746704,2
79.28271677143996,0.12743367910814263,60.88047863596443,713.4592897101315,2.465145544826089,24.23487484550546,7.794392858065454,2
97.75875802390662,3.602273940330213,25.881969098963033,369.47837816317974,3.3077444933793587,32.387311571796396,4.205745491152415,0
84.85065069671315,8.401739745140226,30.91700514623482,523.1622411749022,3.248443530492918,20.469178230972904,1.7065888160824887,1
94.06290338815057,1.1681848363693614,56.544287696840414,848.0248066708842,2.0827344172069244,49.63931496476114,6.120292652602447,2
94.08544848192923,14.128583808906303,59.16505984890144,306.30284455555113,3.676616622139403,52.82429774981296,5.236308995419554,1
52.45741951725885,2.865932090195373,63.24108860269182,545.0732414811089,2.2066489665245954,50.72152591719665,8.689595619931122,2
87.44995087024785,4.084730957716242,9.400147216989865,413.79884406864664,4.683025804218935,66.52710702798043,5.801321878703046,0
79.81967998462308,5.490423986197729,64.56856162556102,590.1360620451624,1.4669916110751822,30.325209986325035,5.831732318523565,1
96.82851090354197,4.625281825142981,69.56329350873746,746.6621312762716,1.9912497716276274,22.907259865299395,1.9166253862814446,2
86.42469669237201,2.9950460706097006,29.7016736404315,576.1044579041761,3.9018726738006513,29.05849786073003,4.6572976474971535,0
74.25364545713477,8.112405959573096,65.46885131161733,361.590826778091,4.231325807306489,75.43027421573217,6.002837327790634,1
84.9763935201286,6.180266084274846,11.071806877449966,682.7474061724888,3.098689226742489,71.14998404342204,4.04198902925641,0
95.3433288669918,8.810548028633654,6.832198743269906,542.3725939578786,4.025424218974537,83.5307649385818,5.4513734748738285,0
94.73737854156505,4.015026557914464,32.847895779061325,834.0879918698305,4.585026865886316,74.85702150597447,8.73082492409998,1
54.438663347811634,12.974924643116644,25.64959252401814,365.9154830783406,1.9574793453681854,53.437480641110966,3.260728041440205,1
66.02837930082495,2.0246772910746316,23.69414124471988,621.9844794523008,2.767414832364256,47.737500898872895,7.718069159714026,1
94.6754985696659,11.351838343535956,26.560056169414334,733.8874090944099,1.6079207298962048,30.42543904730327,4.110643333325431,2
90.38511845220285,3.695223708634528,5.060272711894367,335.6111978841308,4.434979874118321,70.70266277978301,3.2788104703297902,0
77.76479126640906,7.913694336380256,52.4348782752529,401.5719103740506,4.457611948777591,44.74948496640103,7.247184885786132,1
50.806232318610746,5.5898569484122085,28.136785436704663,603.2648785789595,1.290945047108786,83.21050989808867,2.960027215908117,1
83.8518907441005,12.048181848661399,44.950156499321054,731.5740843692906,3.647441248860022,48.44238377216061,8.279726851302087,2
64.7350684942764,8.568193766272758,59.63181913132316,496.32134137812994,2.2110704304697,56.747680813825816,8.361671449142381,2
96.49608815728324,8.176251192898352,52.91729642589215,837.1278544552943,1.3941874056517696,38.566286229293205,7.380100056264242,2
91.18722309561498,12.855435424958669,33.208574148394604,308.07093648971346,2.7511259091984797,38.458767216564304,3.6207680949696175,1
88.61337784187529,1.132906290388303,66.20649739845616,527.9849057857099,3.3842557244023803,27.172178498854322,4.036231705215517,1
54.48504595074229,14.423155843216643,64.58093194610004,548.7612903316992,1.8944101932946844,94.67640841998818,4.101369361542746,2
58.04922158436874,8.447465826809323,75.50192962758528,252.48968882520967,1.952499373015995,95.0758112328326,2.5397737017144584,2
55.662172581990994,8.552808236997066,68.94750586358639,560.1213815010519,4.978257026738099,74.33373596303943,1.6666741648940295,1
99.64160658409877,6.118413551702856,22.992202707638604,612.6214693256256,2.2172303672834572,26.916600569612186,1.0128550877125906,1
72.47916764601311,12.552951333398884,45.78521485040612,899.4847443132365,2.1473865825888,42.43640518080443,2.4377451421054976,2
58.20317941326676,4.277798940150717,63.42720362188217,838.7419139136911,4.900348678830725,38.58317232771621,8.931677910526826,2
66.41275446386686,1.6926081677532663,69.60199404161325,663.4686625183521,1.658923584324247,54.386500601040204,3.585319253893609,2
86.83972843550984,6.801243459364021,79.1423956085108,285.5842384687368,2.4200610645449867,58.55201336879819,5.5282019927348784,1
65.79679111928183,10.93860373646352,69.97976587911798,860.1675462856109,4.220373507198104,88.04641578452795,5.954907705579959,2
91.29441132134073,4.552558637219283,31.87830096873715,455.99345898205377,2.8695493417917017,42.84636929909091,9.654502980290022,2
65.6422314002834,1.4706680716640974,42.14537328403307,287.11440098936464,1.442172665234322,37.551151135699705,5.179152248939275,2
71.66254661545139,11.995377930041867,59.15797231072907,527.1068910939559,2.3348168303025196,45.31750272491989,7.965955785646081,2
52.60362031106349,0.1923247426590874,63.643551354131844,560.145144392882,1.5235245542143039,38.8452747675601,9.392535577876442,2
92.9751487812449,10.646775753359588,38.57801842698613,588.2103570244008,4.900978141135834,97.26163551074296,2.9374214120725086,0
90.55522831526591,2.958639992505252,17.08299823071611,689.4604722069748,2.6200043943501936,94.52355256852161,1.8010876140640795,0
75.57628204047465,13.777822956646819,72.32909283836041,351.7439887202318,2.466550800385826,69.5297120037357,2.4345539629426196,1
98.40110860228694,13.721239930914905,13.356014322757535,328.7510498196405,1.3416339312330612,92.75549312293049,2.742614288159147,1
70.81424642721774,6.732770484780045,47.9208835370854,296.6279734358262,1.9070344696020638,94.51923095351408,9.175690965417125,2
89.06453237028461,0.2910186842732315,26.16054147968817,658.17317797289,2.1007608470939028,92.76693560430219,6.705005156491977,1
53.59533586582228,13.635083832535546,76.6213326540978,300.5130719546216,3.1294409394452596,44.269142577133636,4.535551688332621,2
58.982560897767094,8.671081530186187,76.63834825991125,576.9971901765459,1.3316583255779246,69.60010667819267,4.062006950061313,2
92.7962594795649,6.5201722247470535,15.427168715379649,374.21865474924425,4.075056722884641,41.247007864588795,7.9051005474330065,1
60.29436553832997,4.825295530519641,37.23895779517595,863.077302300743,4.726925699015299,36.54975003378303,4.223971371187655,1
57.469969422688614,7.6497761897024565,36.84660405557332,835.4941055929761,4.7200215111642905,50.68539128058337,5.425641487170905,1
94.81181245730666,12.100617116175922,0.29250490757194214,458.0387167193286,2.6870969677445036,38.37730269465854,2.796144543063449,1
51.88922532978398,9.650545876046408,21.000823238653254,284.0256659803535,1.9239172421122546,84.15311622689012,8.663402634818919,2
74.15331225966513,6.2410600561302925,78.22829548014253,380.36702873224544,1.861437131418434,43.34937416291198,2.554815864529786,1
68.96827991020933,13.662513404846306,49.22782725028594,517.7652565979713,4.737643178284859,23.877138598065784,2.8924856011167526,2
78.29443025508795,9.233289347897687,3.1646005250090514,511.9751926396359,3.596615859323491,75.84564371227214,6.743259122646424,0
66.02816121804622,1.4028018539686427,34.16899571354673,333.6903842892361,4.790494634082668,58.01366928181026,3.855332569211808,0
88.315203555945,7.469228888733958,24.802721920996007,777.7790325540211,4.468608604004488,73.84065330309416,1.4226798016690057,0
78.3161440083266,11.449423679959224,10.920240966686574,398.6359883999922,4.529980420272546,21.609737748245923,7.774544240433784,1
73.68866462572115,6.701582382594103,0.567722599590974,782.6088501282203,2.439299602546266,63.26125050404343,7.095706177020935,1
85.1314788218958,14.339700882391085,42.50719625892873,509.81770813337795,4.814814505966831,71.36881880204169,3.6833532064890004,1
56.32321227017856,12.638317521977719,28.974528223532126,679.3053188868803,2.8832656774635925,35.91438238360307,6.415179477584186,2
53.034153447534116,6.200136898067884,43.729195173093686,533.4305331770763,3.9946887010039633,86.233996363625,7.941187666298602,1
51.94064739059011,2.9119315566895834,42.928600741101945,857.6343262884708,4.339827100208467,87.40276066814414,3.728873743837074,1
71.47239485393513,7.060589209739061,12.589726667992833,270.1942846588966,4.7876115978420675,39.25700685308054,3.1595401335126816,0
54.168952688437976,13.927616279156679,46.37896919518176,683.57395713148,4.64630754905221,47.64961351206316,6.593565800242757,2
